start_row,end_row,match_length,a_count,b_count,c_count
420,422,3,1,1,1
1344,1346,3,2,0,1
1509,1511,3,1,0,2
1572,1574,3,1,0,2
1737,1738,2,1,0,1
1792,1795,4,1,0,3
1800,1801,2,1,0,1
1815,1818,4,1,1,2
1897,1899,3,1,0,2
1926,1927,2,1,0,1
2026,2028,3,1,1,1
2031,2037,7,1,4,2
2049,2052,4,1,2,1
2055,2056,2,1,0,1
2068,2071,4,1,1,2
2072,2075,4,1,2,1
2125,2126,2,1,0,1
2147,2148,2,1,0,1
2203,2204,2,1,0,1
2232,2237,6,1,0,5
2260,2263,4,1,2,1
2276,2277,2,1,0,1
2290,2292,3,1,1,1
2303,2304,2,1,0,1
2319,2321,3,1,1,1
2325,2326,2,1,0,1
2331,2334,4,1,1,2
2368,2369,2,1,0,1
2377,2378,2,1,0,1
2381,2383,3,1,1,1
2434,2436,3,1,1,1
2460,2461,2,1,0,1
2482,2483,2,1,0,1
2545,2546,2,1,0,1
2584,2586,3,2,0,1
2594,2599,6,1,4,1
2619,2622,4,2,1,1
2707,2710,4,2,1,1
2738,2740,3,1,0,2
2743,2748,6,1,3,2
2804,2807,4,1,2,1
2818,2820,3,1,1,1
2824,2825,2,1,0,1
2832,2833,2,1,0,1
2834,2837,4,1,1,2
2838,2840,3,1,1,1
2841,2843,3,2,0,1
2850,2856,7,1,0,6
2863,2867,5,2,0,3
2882,2883,2,1,0,1
2886,2887,2,1,0,1
2928,2930,3,1,1,1
2931,2933,3,1,1,1
2948,2952,5,3,1,1
2966,2970,5,1,3,1
2972,2975,4,2,0,2
2984,2985,2,1,0,1
2986,2988,3,2,0,1
2991,2994,4,1,1,2
3001,3002,2,1,0,1
3014,3015,2,1,0,1
3031,3033,3,1,0,2
3048,3050,3,2,0,1
3069,3070,2,1,0,1
3104,3105,2,1,0,1
3130,3138,9,5,3,1
3145,3146,2,1,0,1
3160,3161,2,1,0,1
3162,3163,2,1,0,1
3177,3184,8,3,4,1
3203,3205,3,1,1,1
3208,3210,3,2,0,1
3229,3233,5,1,1,3
3238,3240,3,2,0,1
3247,3248,2,1,0,1
3250,3255,6,5,0,1
3266,3269,4,2,1,1
3286,3290,5,2,2,1
3295,3296,2,1,0,1
3312,3319,8,5,2,1
3322,3326,5,1,0,4
3341,3344,4,1,2,1
3346,3347,2,1,0,1
3348,3349,2,1,0,1
3354,3358,5,3,0,2
3369,3371,3,1,0,2
3376,3377,2,1,0,1
3380,3384,5,1,2,2
3385,3392,8,1,5,2
3413,3415,3,1,1,1
3437,3442,6,1,4,1
3445,3448,4,1,1,2
3449,3451,3,1,1,1
3467,3470,4,1,1,2
3503,3505,3,1,1,1
3508,3509,2,1,0,1
3537,3539,3,2,0,1
3557,3559,3,2,0,1
3567,3571,5,1,1,3
3576,3582,7,2,4,1
3583,3584,2,1,0,1
3585,3587,3,1,1,1
3594,3597,4,2,1,1
3605,3609,5,1,3,1
3620,3622,3,2,0,1
3646,3650,5,4,0,1
3654,3655,2,1,0,1
3658,3660,3,1,0,2
3699,3700,2,1,0,1
3701,3703,3,1,1,1
3710,3713,4,1,1,2
3725,3727,3,2,0,1
3732,3735,4,3,0,1
3736,3741,6,1,3,2
3742,3747,6,1,4,1
3752,3758,7,2,4,1
3767,3772,6,5,0,1
3780,3785,6,1,3,2
3786,3787,2,1,0,1
3805,3809,5,1,2,2
3812,3818,7,5,0,2
3830,3831,2,1,0,1
3837,3841,5,1,3,1
3843,3844,2,1,0,1
3868,3871,4,1,2,1
3883,3887,5,4,0,1
3888,3894,7,1,0,6
3896,3899,4,1,2,1
3912,3918,7,1,5,1
3919,3920,2,1,0,1
3923,3926,4,3,0,1
3940,3943,4,3,0,1
3958,3959,2,1,0,1
3967,3971,5,2,2,1
3973,3979,7,2,3,2
4043,4044,2,1,0,1
4051,4052,2,1,0,1
4066,4069,4,1,2,1
4071,4073,3,1,0,2
4077,4079,3,1,1,1
4081,4085,5,1,3,1
4097,4099,3,1,1,1
4112,4114,3,1,1,1
4120,4122,3,2,0,1
4131,4132,2,1,0,1
4134,4135,2,1,0,1
4136,4138,3,2,0,1
4141,4142,2,1,0,1
4144,4147,4,2,0,2
4154,4156,3,1,0,2
4174,4175,2,1,0,1
4204,4210,7,1,4,2
4220,4225,6,2,1,3
4241,4242,2,1,0,1
4261,4267,7,4,1,2
4275,4277,3,1,1,1
4278,4281,4,2,1,1
4309,4311,3,1,1,1
4322,4324,3,1,1,1
4331,4333,3,1,0,2
4344,4345,2,1,0,1
4377,4379,3,1,1,1
4381,4389,9,4,0,5
4400,4402,3,1,0,2
4459,4463,5,3,0,2
4491,4493,3,1,1,1
4621,4622,2,1,0,1
4627,4628,2,1,0,1
4798,4803,6,2,3,1
4817,4820,4,1,0,3
4823,4824,2,1,0,1
4827,4829,3,1,1,1
4835,4836,2,1,0,1
4846,4848,3,1,0,2
4863,4865,3,1,0,2
4866,4868,3,1,1,1
4896,4898,3,2,0,1
4899,4900,2,1,0,1
4907,4912,6,5,0,1
5374,5378,5,1,2,2
5379,5380,2,1,0,1
5385,5390,6,1,0,5
5402,5404,3,1,0,2
6448,6451,4,1,1,2
6750,6752,3,1,1,1
7349,7353,5,2,2,1
7424,7426,3,2,0,1
7695,7696,2,1,0,1
8129,8130,2,1,0,1
9091,9092,2,1,0,1
9103,9108,6,5,0,1
9110,9111,2,1,0,1
9135,9153,19,4,0,15
9155,9160,6,1,0,5
9282,9285,4,3,0,1
9291,9294,4,1,0,3
9302,9320,19,1,0,18
9360,9365,6,5,0,1
9370,9372,3,1,1,1
9382,9384,3,1,0,2
9385,9386,2,1,0,1
9387,9388,2,1,0,1
9415,9421,7,5,1,1
9425,9427,3,2,0,1
9482,9485,4,2,1,1
9486,9487,2,1,0,1
9488,9490,3,1,1,1
9491,9494,4,1,2,1
9496,9501,6,5,0,1
9503,9504,2,1,0,1
9505,9506,2,1,0,1
9513,9514,2,1,0,1
9516,9518,3,2,0,1
9528,9530,3,2,0,1
9531,9533,3,2,0,1
9537,9539,3,2,0,1
9544,9548,5,2,0,3
9570,9571,2,1,0,1
9580,9582,3,2,0,1
9584,9586,3,1,0,2
9598,9601,4,2,0,2
9602,9603,2,1,0,1
9613,9621,9,3,0,6
9626,9629,4,1,0,3
9636,9639,4,3,0,1
9647,9653,7,3,0,4
9657,9659,3,2,0,1
9665,9668,4,3,0,1
9671,9675,5,3,0,2
9676,9677,2,1,0,1
9679,9684,6,5,0,1
9709,9731,23,5,15,3
9735,9736,2,1,0,1
9756,9785,30,1,28,1
9790,9795,6,5,0,1
9799,9803,5,4,0,1
9811,9816,6,4,1,1
9830,9832,3,1,1,1
9838,9843,6,5,0,1
9845,9848,4,3,0,1
9849,9850,2,1,0,1
9853,9854,2,1,0,1
9869,9871,3,1,1,1
9879,9882,4,3,0,1
10005,10006,2,1,0,1
10222,10223,2,1,0,1
11301,11302,2,1,0,1
11329,11330,2,1,0,1
11400,11401,2,1,0,1
11407,11408,2,1,0,1
11411,11414,4,3,0,1
11435,11437,3,2,0,1
11442,11444,3,1,0,2
11461,11462,2,1,0,1
11468,11471,4,1,1,2
11473,11477,5,1,1,3
11481,11484,4,3,0,1
11485,11486,2,1,0,1
11498,11500,3,1,0,2
11513,11516,4,2,1,1
11522,11523,2,1,0,1
11525,11527,3,1,0,2
11532,11533,2,1,0,1
11542,11544,3,2,0,1
11550,11551,2,1,0,1
11556,11557,2,1,0,1
11585,11586,2,1,0,1
11603,11604,2,1,0,1
11618,11619,2,1,0,1
11620,11621,2,1,0,1
11627,11628,2,1,0,1
11632,11633,2,1,0,1
11637,11638,2,1,0,1
11644,11648,5,3,0,2
11674,11675,2,1,0,1
11679,11681,3,1,0,2
11687,11689,3,1,0,2
11702,11703,2,1,0,1
11704,11706,3,2,0,1
11734,11736,3,1,1,1
11757,11758,2,1,0,1
11786,11791,6,1,4,1
11794,11795,2,1,0,1
11802,11805,4,3,0,1
11823,11824,2,1,0,1
11834,11837,4,3,0,1
11875,11876,2,1,0,1
11891,11895,5,2,1,2
11910,11912,3,2,0,1
11921,11922,2,1,0,1
11937,11941,5,1,2,2
11955,11957,3,1,1,1
11962,11963,2,1,0,1
11986,11987,2,1,0,1
11993,11994,2,1,0,1
11996,11997,2,1,0,1
12008,12009,2,1,0,1
12011,12012,2,1,0,1
12022,12023,2,1,0,1
12027,12033,7,1,5,1
12042,12044,3,1,1,1
12055,12057,3,1,1,1
12060,12063,4,2,1,1
12065,12069,5,3,0,2
12074,12078,5,2,2,1
12087,12089,3,1,1,1
12103,12104,2,1,0,1
12142,12143,2,1,0,1
12144,12145,2,1,0,1
12163,12165,3,1,1,1
12166,12169,4,3,0,1
12227,12234,8,2,4,2
12236,12240,5,2,2,1
12259,12260,2,1,0,1
12268,12269,2,1,0,1
12277,12281,5,3,1,1
12287,12289,3,2,0,1
12291,12292,2,1,0,1
12297,12298,2,1,0,1
12302,12305,4,3,0,1
12313,12315,3,1,1,1
12357,12358,2,1,0,1
12376,12377,2,1,0,1
12378,12380,3,1,0,2
12418,12422,5,1,1,3
12432,12435,4,1,0,3
12436,12437,2,1,0,1
12482,12484,3,2,0,1
12485,12488,4,1,0,3
12501,12504,4,2,1,1
12513,12515,3,2,0,1
12519,12521,3,2,0,1
12523,12525,3,1,0,2
12530,12532,3,1,1,1
12535,12537,3,2,0,1
12543,12544,2,1,0,1
12555,12556,2,1,0,1
12557,12559,3,1,1,1
12566,12567,2,1,0,1
12622,12623,2,1,0,1
12633,12634,2,1,0,1
12636,12637,2,1,0,1
12639,12641,3,2,0,1
12653,12654,2,1,0,1
12680,12682,3,1,1,1
12695,12696,2,1,0,1
12701,12705,5,1,3,1
12716,12717,2,1,0,1
12725,12727,3,1,1,1
12736,12737,2,1,0,1
12749,12750,2,1,0,1
12760,12761,2,1,0,1
12789,12792,4,1,1,2
12828,12829,2,1,0,1
12853,12855,3,1,1,1
12860,12861,2,1,0,1
12862,12864,3,1,1,1
12869,12872,4,3,0,1
12885,12886,2,1,0,1
12912,12920,9,1,7,1
12937,12939,3,1,0,2
12996,12997,2,1,0,1
13047,13051,5,1,2,2
13076,13083,8,1,0,7
13118,13119,2,1,0,1
13120,13124,5,1,1,3
13130,13132,3,1,0,2
13170,13171,2,1,0,1
13242,13243,2,1,0,1
13265,13266,2,1,0,1
13267,13268,2,1,0,1
13323,13325,3,2,0,1
13335,13336,2,1,0,1
13338,13340,3,1,1,1
13369,13371,3,2,0,1
13376,13377,2,1,0,1
13389,13390,2,1,0,1
13391,13394,4,1,1,2
13398,13399,2,1,0,1
13400,13402,3,2,0,1
13413,13415,3,2,0,1
13423,13427,5,3,1,1
13437,13438,2,1,0,1
13461,13463,3,2,0,1
13478,13480,3,2,0,1
13482,13486,5,2,1,2
13493,13495,3,1,0,2
13503,13504,2,1,0,1
13536,13537,2,1,0,1
13556,13558,3,1,1,1
13566,13567,2,1,0,1
13590,13592,3,2,0,1
13594,13595,2,1,0,1
13616,13617,2,1,0,1
13619,13621,3,1,1,1
13627,13629,3,1,0,2
13642,13645,4,1,1,2
13647,13651,5,1,3,1
13667,13671,5,2,1,2
13714,13718,5,3,1,1
13719,13721,3,2,0,1
13732,13733,2,1,0,1
13758,13759,2,1,0,1
13778,13781,4,1,2,1
13782,13783,2,1,0,1
13790,13795,6,3,2,1
13830,13832,3,2,0,1
13850,13859,10,5,3,2
13863,13866,4,3,0,1
13869,13870,2,1,0,1
13888,13890,3,1,0,2
13891,13894,4,2,1,1
13899,13903,5,3,1,1
13934,13936,3,2,0,1
13948,13950,3,1,0,2
13957,13958,2,1,0,1
13975,13979,5,1,2,2
13996,13997,2,1,0,1
13998,13999,2,1,0,1
14009,14010,2,1,0,1
14024,14026,3,1,0,2
14045,14046,2,1,0,1
14057,14061,5,1,3,1
14064,14065,2,1,0,1
14067,14070,4,1,1,2
14072,14074,3,1,0,2
14103,14107,5,1,2,2
14118,14120,3,1,1,1
14125,14130,6,3,2,1
14131,14133,3,2,0,1
14150,14151,2,1,0,1
14157,14158,2,1,0,1
14159,14164,6,1,3,2
14197,14200,4,2,1,1
14223,14225,3,1,1,1
14230,14231,2,1,0,1
14245,14246,2,1,0,1
14249,14250,2,1,0,1
14263,14265,3,1,1,1
14270,14271,2,1,0,1
14283,14284,2,1,0,1
14300,14301,2,1,0,1
14303,14306,4,2,1,1
14328,14329,2,1,0,1
14332,14334,3,1,0,2
14342,14344,3,2,0,1
14371,14373,3,2,0,1
14379,14382,4,1,2,1
14384,14390,7,2,0,5
14398,14399,2,1,0,1
14417,14418,2,1,0,1
14420,14421,2,1,0,1
14425,14426,2,1,0,1
14429,14430,2,1,0,1
14432,14434,3,2,0,1
14438,14439,2,1,0,1
14500,14501,2,1,0,1
14515,14516,2,1,0,1
14535,14536,2,1,0,1
14542,14548,7,2,3,2
14568,14571,4,1,1,2
14573,14574,2,1,0,1
14636,14637,2,1,0,1
14649,14651,3,1,1,1
14653,14656,4,3,0,1
14661,14664,4,1,1,2
14676,14680,5,3,1,1
14682,14684,3,1,1,1
14686,14689,4,1,2,1
14691,14693,3,1,0,2
14694,14697,4,2,0,2
14715,14716,2,1,0,1
14728,14731,4,2,1,1
14732,14733,2,1,0,1
14744,14747,4,2,0,2
14754,14755,2,1,0,1
14764,14767,4,1,2,1
14786,14789,4,1,2,1
14791,14793,3,1,1,1
14801,14804,4,1,2,1
14821,14824,4,1,1,2
14839,14841,3,1,0,2
14849,14852,4,1,2,1
14860,14861,2,1,0,1
14864,14865,2,1,0,1
14868,14869,2,1,0,1
14886,14888,3,1,0,2
14892,14896,5,3,0,2
14899,14900,2,1,0,1
14901,14903,3,1,0,2
14944,14945,2,1,0,1
14957,14958,2,1,0,1
14961,14964,4,2,0,2
14981,14983,3,1,0,2
15025,15027,3,1,0,2
15030,15034,5,2,1,2
15036,15038,3,2,0,1
15048,15049,2,1,0,1
15051,15053,3,1,0,2
15067,15072,6,3,0,3
15104,15105,2,1,0,1
15118,15121,4,2,0,2
15134,15135,2,1,0,1
15154,15158,5,2,2,1
15167,15169,3,1,1,1
15170,15172,3,1,1,1
15202,15203,2,1,0,1
15204,15205,2,1,0,1
15207,15208,2,1,0,1
15219,15220,2,1,0,1
15224,15225,2,1,0,1
15226,15228,3,1,0,2
15232,15234,3,1,1,1
15239,15240,2,1,0,1
15253,15257,5,2,1,2
15282,15284,3,1,1,1
15290,15292,3,1,1,1
15293,15294,2,1,0,1
15299,15300,2,1,0,1
15311,15312,2,1,0,1
15325,15327,3,1,1,1
15335,15336,2,1,0,1
15360,15361,2,1,0,1
15365,15366,2,1,0,1
15381,15385,5,1,1,3
15389,15390,2,1,0,1
15399,15401,3,2,0,1
15422,15423,2,1,0,1
15432,15434,3,1,1,1
15439,15440,2,1,0,1
15450,15451,2,1,0,1
15475,15481,7,1,0,6
15482,15484,3,2,0,1
15487,15489,3,2,0,1
15492,15494,3,1,1,1
15501,15505,5,2,0,3
15510,15511,2,1,0,1
15515,15518,4,1,2,1
15521,15522,2,1,0,1
15529,15530,2,1,0,1
15534,15535,2,1,0,1
15552,15556,5,4,0,1
15563,15564,2,1,0,1
15566,15568,3,1,0,2
15569,15571,3,2,0,1
15576,15578,3,1,0,2
15579,15581,3,1,1,1
15585,15587,3,1,1,1
15588,15590,3,1,1,1
15597,15599,3,2,0,1
15643,15644,2,1,0,1
15647,15649,3,1,1,1
15657,15658,2,1,0,1
15701,15703,3,1,0,2
15714,15716,3,1,0,2
15717,15719,3,2,0,1
15740,15742,3,2,0,1
15750,15751,2,1,0,1
15762,15765,4,1,1,2
15776,15778,3,2,0,1
15780,15781,2,1,0,1
15782,15785,4,1,0,3
15788,15791,4,1,2,1
15799,15801,3,1,1,1
15811,15814,4,2,1,1
15815,15816,2,1,0,1
15823,15824,2,1,0,1
15844,15846,3,1,1,1
15855,15856,2,1,0,1
15861,15864,4,2,1,1
15870,15871,2,1,0,1
15883,15886,4,2,1,1
15897,15899,3,1,0,2
15914,15915,2,1,0,1
15923,15925,3,1,1,1
15953,15954,2,1,0,1
15973,15975,3,1,1,1
15977,15979,3,1,0,2
15994,15996,3,1,0,2
15997,16000,4,3,0,1
16001,16002,2,1,0,1
16003,16007,5,2,1,2
16020,16022,3,1,0,2
16052,16053,2,1,0,1
16054,16056,3,2,0,1
16073,16074,2,1,0,1
16103,16105,3,1,1,1
16106,16108,3,1,0,2
16121,16125,5,1,1,3
16130,16133,4,1,0,3
16138,16139,2,1,0,1
16150,16151,2,1,0,1
16199,16202,4,2,0,2
16206,16207,2,1,0,1
16226,16227,2,1,0,1
16239,16240,2,1,0,1
16248,16252,5,2,2,1
16265,16267,3,1,0,2
16273,16274,2,1,0,1
16278,16281,4,2,1,1
16286,16288,3,2,0,1
16289,16290,2,1,0,1
16293,16296,4,1,1,2
16309,16311,3,2,0,1
16313,16315,3,2,0,1
16336,16338,3,1,1,1
16353,16355,3,2,0,1
16383,16384,2,1,0,1
16387,16390,4,2,0,2
16428,16429,2,1,0,1
16455,16456,2,1,0,1
16462,16463,2,1,0,1
16464,16466,3,2,0,1
16483,16484,2,1,0,1
16494,16497,4,1,0,3
16504,16508,5,1,3,1
16519,16520,2,1,0,1
16550,16557,8,1,6,1
16575,16576,2,1,0,1
16588,16589,2,1,0,1
16592,16594,3,1,1,1
16604,16605,2,1,0,1
16620,16621,2,1,0,1
16636,16639,4,1,1,2
16642,16644,3,2,0,1
16648,16649,2,1,0,1
16653,16654,2,1,0,1
16672,16673,2,1,0,1
16692,16693,2,1,0,1
16697,16700,4,1,2,1
16708,16709,2,1,0,1
16721,16722,2,1,0,1
16730,16732,3,1,1,1
16758,16759,2,1,0,1
16770,16773,4,2,1,1
16780,16782,3,1,1,1
16785,16786,2,1,0,1
16812,16814,3,2,0,1
16843,16845,3,1,1,1
16865,16867,3,1,1,1
16872,16874,3,2,0,1
16876,16877,2,1,0,1
16882,16883,2,1,0,1
16890,16891,2,1,0,1
16904,16905,2,1,0,1
16919,16921,3,1,0,2
16925,16926,2,1,0,1
16941,16943,3,1,0,2
16968,16971,4,3,0,1
16986,16987,2,1,0,1
16991,16992,2,1,0,1
17004,17005,2,1,0,1
17012,17013,2,1,0,1
17023,17024,2,1,0,1
17036,17039,4,1,0,3
17048,17050,3,1,1,1
17056,17057,2,1,0,1
17064,17068,5,1,3,1
17071,17074,4,3,0,1
17087,17090,4,2,1,1
17107,17110,4,3,0,1
17114,17116,3,1,0,2
17117,17120,4,1,0,3
17183,17184,2,1,0,1
17187,17189,3,1,1,1
17204,17208,5,3,1,1
17217,17219,3,1,0,2
17226,17227,2,1,0,1
17233,17234,2,1,0,1
17267,17268,2,1,0,1
17270,17271,2,1,0,1
17311,17312,2,1,0,1
17317,17320,4,1,2,1
17326,17328,3,2,0,1
17344,17346,3,1,0,2
17347,17348,2,1,0,1
17364,17365,2,1,0,1
17371,17373,3,2,0,1
17393,17395,3,1,1,1
17401,17402,2,1,0,1
17406,17409,4,3,0,1
17437,17439,3,1,0,2
17441,17444,4,1,1,2
17457,17459,3,1,1,1
17460,17464,5,4,0,1
17476,17477,2,1,0,1
17495,17497,3,2,0,1
17510,17511,2,1,0,1
17528,17529,2,1,0,1
17532,17534,3,2,0,1
17545,17547,3,1,1,1
17554,17556,3,1,0,2
17563,17565,3,2,0,1
17576,17578,3,1,1,1
17584,17585,2,1,0,1
17603,17606,4,1,1,2
17607,17611,5,1,3,1
17616,17617,2,1,0,1
17633,17640,8,2,0,6
17766,17769,4,1,1,2
17876,17877,2,1,0,1
17934,17935,2,1,0,1
18083,18084,2,1,0,1
18137,18138,2,1,0,1
18152,18154,3,2,0,1
18453,18454,2,1,0,1
18456,18457,2,1,0,1
18470,18471,2,1,0,1
18543,18546,4,1,0,3
18557,18558,2,1,0,1
18681,18687,7,1,5,1
18692,18693,2,1,0,1
18699,18700,2,1,0,1
18707,18709,3,1,1,1
18717,18720,4,1,2,1
18732,18733,2,1,0,1
18739,18746,8,1,4,3
18759,18764,6,1,2,3
18777,18780,4,1,2,1
18826,18828,3,1,0,2
18835,18838,4,2,0,2
18842,18844,3,1,0,2
18851,18854,4,1,2,1
18858,18859,2,1,0,1
18876,18881,6,1,2,3
18888,18889,2,1,0,1
18905,18906,2,1,0,1
18972,18973,2,1,0,1
18999,19001,3,1,0,2
19023,19024,2,1,0,1
19051,19054,4,1,0,3
19071,19077,7,1,1,5
19395,19396,2,1,0,1
19407,19408,2,1,0,1
19417,19419,3,1,1,1
19443,19446,4,1,2,1
19455,19459,5,1,2,2
19468,19469,2,1,0,1
19474,19475,2,1,0,1
19483,19485,3,1,0,2
19508,19509,2,1,0,1
19604,19605,2,1,0,1
19607,19608,2,1,0,1
19650,19653,4,3,0,1
19654,19656,3,1,1,1
19710,19711,2,1,0,1
19729,19731,3,1,1,1
19735,19738,4,1,2,1
19758,19763,6,4,1,1
19770,19772,3,2,0,1
19785,19787,3,2,0,1
19795,19798,4,3,0,1
19811,19812,2,1,0,1
19840,19841,2,1,0,1
19855,19858,4,1,2,1
19873,19876,4,3,0,1
19882,19884,3,2,0,1
19930,19932,3,1,1,1
19933,19935,3,2,0,1
19962,19963,2,1,0,1
19964,19968,5,4,0,1
19973,19974,2,1,0,1
19990,19993,4,1,2,1
20002,20003,2,1,0,1
20005,20008,4,2,1,1
20022,20023,2,1,0,1
20040,20041,2,1,0,1
20055,20057,3,1,1,1
20075,20076,2,1,0,1
20214,20216,3,2,0,1
20231,20237,7,3,3,1
20243,20245,3,2,0,1
20293,20295,3,2,0,1
20330,20331,2,1,0,1
20367,20371,5,2,2,1
20379,20384,6,5,0,1
20417,20419,3,2,0,1
20432,20435,4,1,2,1
20468,20470,3,2,0,1
20484,20486,3,2,0,1
20497,20502,6,3,1,2
20503,20505,3,1,1,1
20520,20521,2,1,0,1
20582,20585,4,3,0,1
20594,20595,2,1,0,1
20646,20647,2,1,0,1
20654,20656,3,1,1,1
20680,20681,2,1,0,1
20735,20737,3,2,0,1
20738,20739,2,1,0,1
20757,20760,4,2,1,1
20771,20774,4,3,0,1
20777,20779,3,2,0,1
20782,20784,3,1,1,1
20789,20792,4,2,1,1
20812,20815,4,1,2,1
20816,20817,2,1,0,1
20872,20873,2,1,0,1
20889,20891,3,1,1,1
20900,20902,3,1,1,1
20911,20918,8,5,2,1
20937,20938,2,1,0,1
20968,20969,2,1,0,1
20972,20975,4,2,1,1
21012,21014,3,2,0,1
21025,21030,6,2,3,1
21048,21053,6,5,0,1
21054,21057,4,3,0,1
21068,21072,5,2,2,1
21086,21089,4,3,0,1
21112,21115,4,1,2,1
21122,21124,3,2,0,1
21157,21158,2,1,0,1
21178,21180,3,2,0,1
21185,21187,3,2,0,1
21199,21201,3,1,1,1
21215,21216,2,1,0,1
21239,21243,5,4,0,1
21252,21255,4,2,1,1
21256,21259,4,2,1,1
21260,21262,3,2,0,1
21295,21297,3,1,1,1
21311,21315,5,2,2,1
21340,21342,3,2,0,1
21357,21362,6,3,2,1
21387,21390,4,1,2,1
21393,21395,3,1,1,1
21438,21443,6,1,3,2
21460,21462,3,2,0,1
21480,21482,3,2,0,1
21486,21488,3,2,0,1
21493,21498,6,2,3,1
21542,21544,3,2,0,1
21545,21548,4,1,2,1
21551,21553,3,1,1,1
21559,21561,3,2,0,1
21563,21564,2,1,0,1
21585,21589,5,2,2,1
21596,21598,3,2,0,1
21608,21613,6,5,0,1
21616,21621,6,2,3,1
21630,21633,4,2,0,2
21645,21647,3,2,0,1
21673,21675,3,2,0,1
21678,21682,5,2,2,1
21704,21707,4,2,1,1
21713,21714,2,1,0,1
21725,21727,3,2,0,1
21754,21757,4,2,0,2
21777,21779,3,2,0,1
21814,21815,2,1,0,1
21848,21849,2,1,0,1
21922,21923,2,1,0,1
21957,21962,6,5,0,1
21966,21971,6,5,0,1
21984,21985,2,1,0,1
21997,22000,4,2,0,2
22006,22009,4,3,0,1
22021,22022,2,1,0,1
22024,22027,4,3,0,1
22040,22043,4,3,0,1
22053,22055,3,1,1,1
22094,22095,2,1,0,1
22096,22097,2,1,0,1
22098,22100,3,1,1,1
22130,22132,3,1,1,1
22176,22178,3,2,0,1
22211,22213,3,1,0,2
22263,22268,6,1,4,1
22284,22285,2,1,0,1
22302,22304,3,1,1,1
22322,22323,2,1,0,1
22325,22328,4,2,1,1
22336,22339,4,2,1,1
22364,22368,5,2,2,1
22382,22383,2,1,0,1
22387,22390,4,1,2,1
22405,22407,3,2,0,1
22430,22434,5,2,2,1
22485,22487,3,1,0,2
22538,22541,4,3,0,1
22542,22547,6,5,0,1
22556,22565,10,3,5,2
22597,22600,4,1,2,1
22610,22613,4,2,1,1
22620,22627,8,3,4,1
22633,22635,3,1,1,1
22636,22637,2,1,0,1
22663,22665,3,1,1,1
22730,22732,3,2,0,1
22734,22735,2,1,0,1
22763,22769,7,2,4,1
22770,22774,5,3,1,1
22775,22776,2,1,0,1
22780,22781,2,1,0,1
22801,22804,4,3,0,1
22812,22816,5,4,0,1
22826,22830,5,4,0,1
22854,22858,5,2,1,2
22864,22866,3,2,0,1
22874,22875,2,1,0,1
22888,22893,6,5,0,1
22913,22914,2,1,0,1
22939,22943,5,2,1,2
22944,22950,7,5,1,1
22970,22972,3,2,0,1
22973,22978,6,4,1,1
22989,22992,4,2,0,2
23005,23009,5,2,2,1
23032,23033,2,1,0,1
23046,23052,7,5,1,1
23094,23097,4,2,1,1
23104,23105,2,1,0,1
23125,23127,3,2,0,1
23141,23142,2,1,0,1
23152,23154,3,1,0,2
23210,23212,3,2,0,1
23230,23232,3,2,0,1
23242,23243,2,1,0,1
23300,23301,2,1,0,1
23310,23312,3,2,0,1
23330,23336,7,3,3,1
23339,23340,2,1,0,1
23355,23358,4,3,0,1
23366,23371,6,2,3,1
23381,23382,2,1,0,1
23430,23433,4,2,1,1
23438,23440,3,1,1,1
23480,23481,2,1,0,1
23487,23488,2,1,0,1
23510,23516,7,4,1,2
23519,23521,3,2,0,1
23545,23551,7,4,2,1
23563,23565,3,2,0,1
23569,23571,3,2,0,1
23603,23604,2,1,0,1
23608,23609,2,1,0,1
23653,23656,4,1,2,1
23658,23659,2,1,0,1
23673,23674,2,1,0,1
23676,23678,3,1,1,1
23687,23691,5,4,0,1
23715,23716,2,1,0,1
23723,23726,4,2,1,1
23739,23741,3,2,0,1
23759,23761,3,2,0,1
23763,23764,2,1,0,1
23781,23786,6,2,3,1
23787,23789,3,1,1,1
23795,23798,4,3,0,1
23807,23808,2,1,0,1
23809,23812,4,3,0,1
23813,23817,5,3,1,1
23832,23835,4,3,0,1
23849,23851,3,1,1,1
23854,23857,4,2,0,2
23869,23873,5,4,0,1
23903,23906,4,1,2,1
23909,23912,4,2,1,1
23913,23914,2,1,0,1
23917,23919,3,2,0,1
23935,23938,4,3,0,1
23949,23952,4,2,1,1
23963,23965,3,2,0,1
23976,23977,2,1,0,1
23981,23984,4,1,0,3
23993,23997,5,3,1,1
24012,24015,4,2,1,1
24016,24017,2,1,0,1
24025,24027,3,2,0,1
24060,24065,6,4,0,2
24087,24089,3,2,0,1
24102,24106,5,4,0,1
24111,24112,2,1,0,1
24176,24178,3,2,0,1
24194,24199,6,5,0,1
24213,24214,2,1,0,1
24230,24231,2,1,0,1
24361,24364,4,1,2,1
24371,24373,3,1,1,1
24376,24377,2,1,0,1
24385,24386,2,1,0,1
24392,24396,5,2,1,2
24437,24439,3,2,0,1
24480,24482,3,2,0,1
24486,24491,6,5,0,1
24497,24498,2,1,0,1
24504,24507,4,3,0,1
24529,24533,5,4,0,1
24536,24537,2,1,0,1
24541,24542,2,1,0,1
24549,24550,2,1,0,1
24552,24553,2,1,0,1
24555,24561,7,2,4,1
24580,24583,4,3,0,1
24613,24615,3,2,0,1
24629,24630,2,1,0,1
24631,24632,2,1,0,1
24648,24653,6,4,1,1
24654,24659,6,5,0,1
24676,24678,3,2,0,1
24698,24700,3,2,0,1
24716,24719,4,2,1,1
24727,24731,5,3,1,1
24738,24742,5,1,2,2
24743,24746,4,2,0,2
24756,24757,2,1,0,1
24764,24769,6,5,0,1
24770,24772,3,1,1,1
24802,24803,2,1,0,1
24820,24823,4,2,0,2
24824,24825,2,1,0,1
24860,24863,4,2,1,1
24886,24890,5,4,0,1
24891,24893,3,2,0,1
24928,24936,9,4,4,1
24938,24942,5,3,1,1
24944,24949,6,4,1,1
24955,24960,6,3,2,1
24961,24965,5,4,0,1
24968,24970,3,1,1,1
24981,24985,5,1,3,1
24989,24994,6,5,0,1
25009,25010,2,1,0,1
25011,25013,3,2,0,1
25021,25025,5,3,1,1
25029,25033,5,1,3,1
25065,25068,4,1,1,2
25070,25073,4,2,1,1
25082,25085,4,1,2,1
25088,25093,6,3,2,1
25099,25101,3,2,0,1
25114,25115,2,1,0,1
25116,25117,2,1,0,1
25175,25180,6,5,0,1
25240,25246,7,5,1,1
25262,25263,2,1,0,1
25318,25320,3,2,0,1
25352,25355,4,3,0,1
25409,25411,3,1,1,1
25423,25424,2,1,0,1
25440,25446,7,5,0,2
25488,25491,4,3,0,1
25503,25506,4,3,0,1
25510,25511,2,1,0,1
25600,25601,2,1,0,1
25655,25657,3,2,0,1
25713,25718,6,4,1,1
25779,25780,2,1,0,1
25845,25849,5,4,0,1
25917,25922,6,3,2,1
25923,25924,2,1,0,1
25925,25927,3,1,1,1
25958,25963,6,5,0,1
26014,26019,6,5,0,1
26090,26092,3,2,0,1
26181,26184,4,2,1,1
26185,26189,5,3,1,1
26248,26251,4,3,0,1
26252,26254,3,2,0,1
26262,26269,8,5,2,1
26277,26281,5,2,2,1
26294,26299,6,5,0,1
26341,26342,2,1,0,1
26379,26383,5,1,3,1
26389,26394,6,5,0,1
26432,26435,4,3,0,1
26448,26453,6,5,0,1
26472,26477,6,5,0,1
26485,26490,6,5,0,1
26501,26505,5,4,0,1
26525,26528,4,3,0,1
26529,26531,3,1,1,1
26561,26563,3,2,0,1
26578,26581,4,2,1,1
26682,26683,2,1,0,1
26698,26703,6,5,0,1
26718,26723,6,5,0,1
26754,26756,3,2,0,1
26770,26773,4,3,0,1
26774,26775,2,1,0,1
26779,26780,2,1,0,1
26786,26792,7,5,1,1
26831,26836,6,5,0,1
26842,26845,4,3,0,1
26911,26913,3,2,0,1
26968,26971,4,3,0,1
26979,26983,5,3,1,1
26987,26992,6,5,0,1
26997,27000,4,3,0,1
27079,27083,5,4,0,1
27089,27092,4,3,0,1
27111,27114,4,3,0,1
27154,27159,6,3,2,1
27174,27177,4,3,0,1
27221,27224,4,3,0,1
27228,27229,2,1,0,1
27283,27286,4,3,0,1
27316,27319,4,3,0,1
27359,27362,4,2,1,1
27402,27406,5,3,0,2
27408,27412,5,4,0,1
27430,27434,5,4,0,1
27466,27468,3,2,0,1
27480,27487,8,4,3,1
27544,27548,5,2,2,1
27556,27557,2,1,0,1
27571,27574,4,3,0,1
27577,27578,2,1,0,1
27587,27591,5,4,0,1
27613,27615,3,2,0,1
27700,27702,3,1,1,1
27709,27714,6,5,0,1
27715,27716,2,1,0,1
27727,27731,5,3,1,1
27732,27737,6,3,2,1
27770,27773,4,2,0,2
27799,27801,3,2,0,1
27834,27836,3,2,0,1
27837,27838,2,1,0,1
27849,27850,2,1,0,1
27851,27854,4,2,1,1
27864,27865,2,1,0,1
27873,27875,3,2,0,1
27889,27891,3,2,0,1
27914,27915,2,1,0,1
28014,28015,2,1,0,1
28016,28022,7,5,1,1
28040,28043,4,3,0,1
28061,28066,6,4,1,1
28084,28089,6,4,1,1
28123,28129,7,3,3,1
28141,28145,5,4,0,1
28160,28164,5,4,0,1
28219,28221,3,2,0,1
28222,28225,4,1,1,2
28255,28257,3,2,0,1
28291,28296,6,5,0,1
28297,28301,5,4,0,1
28317,28319,3,2,0,1
28368,28370,3,2,0,1
28388,28391,4,3,0,1
28392,28393,2,1,0,1
28422,28423,2,1,0,1
28454,28455,2,1,0,1
28461,28462,2,1,0,1
28548,28550,3,1,1,1
28554,28555,2,1,0,1
28577,28579,3,2,0,1
28590,28593,4,3,0,1
28596,28602,7,5,1,1
28605,28610,6,5,0,1
28625,28627,3,1,0,2
28630,28631,2,1,0,1
28667,28671,5,3,1,1
28674,28678,5,2,2,1
28709,28712,4,3,0,1
28714,28717,4,3,0,1
28727,28729,3,1,1,1
28730,28735,6,3,2,1
28746,28747,2,1,0,1
28760,28761,2,1,0,1
28773,28775,3,2,0,1
28832,28836,5,3,1,1
28839,28842,4,2,1,1
28896,28897,2,1,0,1
28925,28926,2,1,0,1
28961,28964,4,3,0,1
29002,29004,3,2,0,1
29048,29053,6,3,2,1
29073,29079,7,4,1,2
29113,29115,3,2,0,1
29128,29131,4,1,2,1
29154,29155,2,1,0,1
29198,29201,4,1,2,1
29244,29247,4,3,0,1
29248,29250,3,1,0,2
29291,29292,2,1,0,1
29326,29328,3,2,0,1
29334,29338,5,4,0,1
29346,29347,2,1,0,1
29366,29367,2,1,0,1
29386,29390,5,4,0,1
29402,29406,5,3,1,1
29434,29435,2,1,0,1
29443,29446,4,2,1,1
29447,29452,6,4,1,1
29454,29457,4,3,0,1
29458,29460,3,2,0,1
29472,29477,6,5,0,1
29480,29483,4,2,0,2
29540,29542,3,2,0,1
29543,29548,6,5,0,1
29556,29557,2,1,0,1
29561,29566,6,5,0,1
29623,29624,2,1,0,1
29625,29626,2,1,0,1
29630,29635,6,5,0,1
29660,29664,5,3,1,1
29676,29681,6,5,0,1
29683,29687,5,2,2,1
29688,29691,4,3,0,1
29692,29695,4,2,1,1
29734,29740,7,5,1,1
29765,29767,3,2,0,1
29791,29795,5,4,0,1
29796,29802,7,5,1,1
29808,29809,2,1,0,1
29820,29822,3,2,0,1
29823,29825,3,2,0,1
29829,29830,2,1,0,1
29845,29847,3,2,0,1
29865,29867,3,2,0,1
29925,29927,3,2,0,1
29941,29943,3,1,1,1
29955,29957,3,2,0,1
29960,29961,2,1,0,1
30013,30016,4,1,2,1
30017,30018,2,1,0,1
30019,30020,2,1,0,1
30021,30023,3,2,0,1
30043,30044,2,1,0,1
30045,30047,3,1,1,1
30048,30051,4,3,0,1
30101,30105,5,3,1,1
30113,30118,6,5,0,1
30126,30128,3,2,0,1
30129,30131,3,1,1,1
30145,30146,2,1,0,1
30159,30164,6,4,1,1
30177,30179,3,2,0,1
30196,30198,3,2,0,1
30201,30202,2,1,0,1
30215,30221,7,5,1,1
30238,30244,7,5,1,1
30264,30267,4,2,1,1
30310,30313,4,3,0,1
30314,30315,2,1,0,1
30334,30339,6,5,0,1
30343,30348,6,3,2,1
30352,30353,2,1,0,1
30361,30365,5,3,1,1
30394,30395,2,1,0,1
30406,30407,2,1,0,1
30418,30422,5,3,1,1
30423,30425,3,2,0,1
30434,30439,6,5,0,1
30499,30503,5,4,0,1
30505,30507,3,2,0,1
30509,30512,4,3,0,1
30516,30520,5,4,0,1
30537,30539,3,2,0,1
30569,30576,8,5,2,1
30577,30579,3,1,1,1
30594,30595,2,1,0,1
30650,30651,2,1,0,1
30659,30660,2,1,0,1
30667,30668,2,1,0,1
30669,30674,6,5,0,1
30699,30704,6,5,0,1
30709,30713,5,3,1,1
30764,30768,5,4,0,1
30772,30773,2,1,0,1
30812,30814,3,2,0,1
30820,30825,6,5,0,1
30845,30850,6,4,1,1
30855,30857,3,2,0,1
30879,30884,6,5,0,1
30890,30895,6,5,0,1
30906,30907,2,1,0,1
30913,30916,4,2,0,2
30917,30919,3,1,1,1
30956,30958,3,2,0,1
30960,30963,4,3,0,1
30988,30990,3,1,1,1
30999,31002,4,3,0,1
31015,31017,3,2,0,1
31029,31031,3,2,0,1
31082,31086,5,3,0,2
31108,31110,3,2,0,1
31115,31116,2,1,0,1
31132,31133,2,1,0,1
31150,31155,6,5,0,1
31163,31166,4,1,2,1
31206,31211,6,2,3,1
31227,31234,8,5,2,1
31235,31239,5,4,0,1
31240,31245,6,5,0,1
31339,31341,3,2,0,1
31347,31348,2,1,0,1
31365,31366,2,1,0,1
31369,31373,5,3,1,1
31376,31378,3,1,1,1
31383,31386,4,3,0,1
31388,31389,2,1,0,1
31409,31410,2,1,0,1
31411,31414,4,2,0,2
31419,31421,3,2,0,1
31438,31440,3,1,1,1
31446,31448,3,2,0,1
31453,31455,3,1,1,1
31460,31461,2,1,0,1
31498,31499,2,1,0,1
31506,31511,6,5,0,1
31541,31542,2,1,0,1
31561,31563,3,1,1,1
31587,31588,2,1,0,1
31592,31593,2,1,0,1
31599,31602,4,3,0,1
31609,31610,2,1,0,1
31625,31626,2,1,0,1
31629,31633,5,3,1,1
31648,31650,3,2,0,1
31654,31657,4,3,0,1
31661,31663,3,2,0,1
31672,31675,4,2,0,2
31686,31688,3,2,0,1
31700,31702,3,1,1,1
31703,31705,3,2,0,1
31709,31714,6,5,0,1
31717,31720,4,3,0,1
31731,31736,6,5,0,1
31743,31744,2,1,0,1
31749,31754,6,3,2,1
31757,31760,4,3,0,1
31766,31770,5,4,0,1
31788,31792,5,3,1,1
31821,31824,4,2,0,2
31825,31829,5,4,0,1
31830,31831,2,1,0,1
31833,31836,4,3,0,1
31855,31858,4,2,1,1
31861,31862,2,1,0,1
31880,31881,2,1,0,1
31882,31885,4,3,0,1
31966,31969,4,2,1,1
31995,31998,4,3,0,1
32006,32007,2,1,0,1
32034,32037,4,3,0,1
32047,32048,2,1,0,1
32049,32054,6,5,0,1
32060,32062,3,2,0,1
32063,32067,5,4,0,1
32098,32101,4,2,1,1
32121,32125,5,4,0,1
32143,32148,6,5,0,1
32171,32176,6,5,0,1
32177,32178,2,1,0,1
32207,32209,3,2,0,1
32259,32267,9,5,1,3
32344,32348,5,3,1,1
32374,32375,2,1,0,1
32376,32378,3,2,0,1
32387,32388,2,1,0,1
32389,32390,2,1,0,1
32392,32394,3,2,0,1
32405,32410,6,5,0,1
32415,32418,4,3,0,1
32443,32447,5,4,0,1
32520,32522,3,1,1,1
32539,32541,3,1,0,2
32557,32559,3,1,1,1
32566,32569,4,2,0,2
32575,32576,2,1,0,1
32595,32597,3,1,1,1
32598,32600,3,2,0,1
32605,32610,6,2,2,2
32637,32639,3,1,1,1
32659,32663,5,4,0,1
32709,32711,3,1,1,1
32733,32736,4,3,0,1
32737,32740,4,3,0,1
32774,32776,3,1,1,1
32787,32789,3,1,1,1
32790,32792,3,2,0,1
32808,32810,3,1,1,1
32819,32820,2,1,0,1
32835,32839,5,2,1,2
32849,32854,6,5,0,1
32859,32861,3,1,1,1
32864,32865,2,1,0,1
32886,32888,3,1,1,1
32889,32892,4,2,1,1
32947,32948,2,1,0,1
32949,32950,2,1,0,1
32962,32963,2,1,0,1
32967,32969,3,2,0,1
32994,32997,4,3,0,1
33000,33004,5,4,0,1
33036,33037,2,1,0,1
33057,33060,4,2,1,1
33118,33120,3,2,0,1
33137,33140,4,3,0,1
33147,33148,2,1,0,1
33173,33174,2,1,0,1
33183,33188,6,5,0,1
33200,33203,4,3,0,1
33214,33216,3,2,0,1
33218,33220,3,2,0,1
33234,33237,4,1,1,2
33238,33239,2,1,0,1
33260,33266,7,4,2,1
33271,33274,4,2,1,1
33281,33282,2,1,0,1
33292,33295,4,2,1,1
33310,33312,3,2,0,1
33328,33332,5,3,1,1
33333,33334,2,1,0,1
33349,33354,6,5,0,1
33357,33362,6,5,0,1
33366,33368,3,2,0,1
33378,33381,4,2,1,1
33382,33385,4,3,0,1
33392,33397,6,4,1,1
33406,33409,4,3,0,1
33421,33422,2,1,0,1
33425,33430,6,5,0,1
33434,33435,2,1,0,1
33438,33441,4,1,2,1
33497,33498,2,1,0,1
33500,33503,4,3,0,1
33515,33519,5,3,1,1
33520,33521,2,1,0,1
33540,33541,2,1,0,1
33555,33557,3,2,0,1
33596,33598,3,1,1,1
33606,33608,3,1,1,1
33614,33615,2,1,0,1
33624,33626,3,1,1,1
33676,33680,5,4,0,1
33698,33699,2,1,0,1
33707,33708,2,1,0,1
33732,33734,3,1,1,1
33750,33754,5,2,2,1
33775,33778,4,1,2,1
33783,33784,2,1,0,1
33792,33796,5,2,1,2
33811,33812,2,1,0,1
33813,33816,4,2,0,2
33823,33827,5,1,3,1
33842,33843,2,1,0,1
33852,33856,5,2,1,2
33875,33878,4,1,2,1
33881,33885,5,1,3,1
33891,33893,3,1,1,1
33900,33902,3,1,0,2
33903,33904,2,1,0,1
33916,33922,7,1,5,1
33950,33953,4,2,1,1
33965,33967,3,1,1,1
33976,33979,4,1,1,2
33981,33984,4,1,2,1
33991,33999,9,2,4,3
34013,34015,3,1,1,1
34023,34024,2,1,0,1
34035,34040,6,1,2,3
34064,34067,4,2,1,1
34068,34072,5,2,1,2
34093,34096,4,1,2,1
34112,34113,2,1,0,1
34160,34162,3,1,0,2
34163,34167,5,2,1,2
34173,34177,5,1,1,3
34180,34181,2,1,0,1
34186,34188,3,1,1,1
34190,34191,2,1,0,1
34192,34194,3,1,0,2
34208,34209,2,1,0,1
34220,34222,3,2,0,1
34231,34233,3,2,0,1
34235,34242,8,2,3,3
34251,34255,5,1,0,4
34265,34267,3,1,1,1
34276,34278,3,1,0,2
34290,34293,4,2,1,1
34294,34298,5,1,0,4
34317,34322,6,2,1,3
34323,34325,3,1,1,1
34328,34329,2,1,0,1
34347,34352,6,1,2,3
34354,34358,5,1,3,1
34375,34379,5,3,1,1
34399,34403,5,1,1,3
34419,34421,3,2,0,1
34435,34439,5,1,3,1
34465,34467,3,1,1,1
34476,34477,2,1,0,1
34485,34486,2,1,0,1
34492,34494,3,1,1,1
34524,34526,3,2,0,1
34531,34532,2,1,0,1
34556,34558,3,1,1,1
34592,34593,2,1,0,1
34596,34598,3,2,0,1
34601,34602,2,1,0,1
34612,34615,4,1,1,2
34624,34628,5,1,0,4
34630,34633,4,1,2,1
34659,34661,3,1,1,1
34670,34671,2,1,0,1
34717,34718,2,1,0,1
34728,34732,5,1,1,3
34747,34750,4,3,0,1
34801,34804,4,2,1,1
34807,34808,2,1,0,1
34812,34813,2,1,0,1
34827,34831,5,2,2,1
34844,34846,3,1,0,2
34863,34864,2,1,0,1
34880,34882,3,2,0,1
34891,34894,4,1,1,2
34912,34913,2,1,0,1
34955,34957,3,1,1,1
34958,34960,3,1,1,1
34976,34977,2,1,0,1
34986,34988,3,1,0,2
35002,35003,2,1,0,1
35029,35031,3,1,0,2
35045,35046,2,1,0,1
35053,35056,4,2,1,1
35105,35106,2,1,0,1
35124,35125,2,1,0,1
35127,35129,3,2,0,1
35158,35160,3,1,1,1
35162,35163,2,1,0,1
35176,35178,3,1,0,2
35198,35200,3,1,0,2
35211,35216,6,1,2,3
35234,35235,2,1,0,1
35265,35266,2,1,0,1
35267,35268,2,1,0,1
35269,35270,2,1,0,1
35288,35291,4,1,1,2
35306,35309,4,1,2,1
35330,35333,4,1,2,1
35334,35335,2,1,0,1
35378,35380,3,1,0,2
35394,35395,2,1,0,1
35417,35419,3,1,1,1
35457,35459,3,2,0,1
35466,35467,2,1,0,1
35493,35496,4,2,0,2
35499,35500,2,1,0,1
35578,35581,4,1,0,3
35582,35586,5,2,1,2
35589,35592,4,2,1,1
35597,35599,3,1,1,1
35619,35620,2,1,0,1
35621,35623,3,1,0,2
35624,35626,3,1,1,1
35642,35644,3,1,1,1
35650,35651,2,1,0,1
35652,35655,4,2,0,2
35667,35669,3,2,0,1
35679,35680,2,1,0,1
35699,35700,2,1,0,1
35746,35747,2,1,0,1
35782,35786,5,1,3,1
35788,35789,2,1,0,1
35795,35797,3,1,1,1
35802,35804,3,1,0,2
35839,35842,4,1,1,2
35860,35863,4,1,1,2
35887,35889,3,1,0,2
35927,35929,3,2,0,1
35931,35937,7,1,5,1
35950,35951,2,1,0,1
35957,35959,3,1,1,1
35975,35979,5,2,1,2
35986,35987,2,1,0,1
36007,36008,2,1,0,1
36054,36055,2,1,0,1
36082,36084,3,1,0,2
36123,36124,2,1,0,1
36134,36135,2,1,0,1
36147,36148,2,1,0,1
36175,36179,5,2,0,3
36207,36209,3,2,0,1
36289,36291,3,1,1,1
36298,36302,5,1,2,2
36360,36363,4,2,0,2
36369,36370,2,1,0,1
36373,36375,3,1,1,1
36393,36396,4,1,1,2
36440,36442,3,1,1,1
36470,36471,2,1,0,1
36505,36506,2,1,0,1
36542,36545,4,2,1,1
36568,36570,3,1,1,1
36615,36617,3,1,0,2
36631,36634,4,1,2,1
36635,36639,5,3,0,2
36659,36662,4,2,1,1
36669,36670,2,1,0,1
36677,36678,2,1,0,1
36679,36680,2,1,0,1
36703,36706,4,2,1,1
36713,36714,2,1,0,1
36732,36734,3,1,1,1
36772,36776,5,1,1,3
36842,36843,2,1,0,1
36846,36847,2,1,0,1
36858,36860,3,1,0,2
36920,36921,2,1,0,1
36928,36931,4,1,1,2
36945,36947,3,1,0,2
37004,37006,3,1,1,1
37039,37043,5,1,3,1
37114,37115,2,1,0,1
37131,37135,5,2,1,2
37197,37201,5,2,1,2
37202,37206,5,1,3,1
37207,37208,2,1,0,1
37251,37253,3,1,0,2
37256,37257,2,1,0,1
37268,37270,3,1,1,1
37282,37284,3,1,1,1
37304,37305,2,1,0,1
37339,37340,2,1,0,1
37342,37345,4,1,2,1
37353,37355,3,1,0,2
37393,37396,4,1,1,2
37413,37414,2,1,0,1
37416,37418,3,1,1,1
37434,37436,3,1,0,2
37437,37438,2,1,0,1
37477,37478,2,1,0,1
37491,37493,3,2,0,1
37511,37514,4,3,0,1
37529,37530,2,1,0,1
37560,37561,2,1,0,1
37587,37589,3,2,0,1
37608,37612,5,1,3,1
37627,37630,4,2,1,1
37695,37697,3,1,0,2
37701,37702,2,1,0,1
37742,37745,4,1,1,2
37749,37755,7,2,2,3
37775,37777,3,1,1,1
37791,37793,3,1,0,2
37797,37799,3,1,0,2
37800,37801,2,1,0,1
37856,37859,4,2,0,2
37879,37880,2,1,0,1
37897,37898,2,1,0,1
37900,37902,3,1,0,2
37982,37986,5,2,2,1
37993,37994,2,1,0,1
38002,38003,2,1,0,1
38016,38017,2,1,0,1
38019,38020,2,1,0,1
38067,38069,3,1,0,2
38074,38075,2,1,0,1
38088,38089,2,1,0,1
38112,38115,4,3,0,1
38158,38161,4,1,1,2
38169,38171,3,2,0,1
38172,38174,3,2,0,1
38262,38263,2,1,0,1
38267,38272,6,1,3,2
38281,38282,2,1,0,1
38296,38297,2,1,0,1
38315,38317,3,2,0,1
38329,38330,2,1,0,1
38345,38348,4,1,1,2
38349,38352,4,1,0,3
38419,38420,2,1,0,1
38423,38425,3,1,1,1
38431,38432,2,1,0,1
38436,38438,3,2,0,1
38472,38474,3,1,0,2
38489,38490,2,1,0,1
38507,38509,3,1,1,1
38563,38566,4,1,0,3
38594,38597,4,1,1,2
38599,38601,3,1,0,2
38655,38656,2,1,0,1
38677,38678,2,1,0,1
38679,38682,4,1,2,1
38699,38700,2,1,0,1
38724,38726,3,1,1,1
38771,38773,3,2,0,1
38775,38777,3,1,0,2
38787,38788,2,1,0,1
38792,38794,3,1,1,1
38814,38818,5,4,0,1
38819,38820,2,1,0,1
38877,38878,2,1,0,1
38906,38908,3,2,0,1
38965,38966,2,1,0,1
38972,38974,3,2,0,1
38978,38980,3,2,0,1
39023,39025,3,1,1,1
39030,39032,3,2,0,1
39037,39038,2,1,0,1
39049,39056,8,1,3,4
39071,39072,2,1,0,1
39092,39095,4,1,1,2
39125,39127,3,1,1,1
39187,39191,5,1,2,2
39197,39198,2,1,0,1
39209,39215,7,3,3,1
39216,39220,5,2,1,2
39231,39233,3,2,0,1
39252,39260,9,3,4,2
39275,39276,2,1,0,1
39297,39299,3,1,0,2
39304,39305,2,1,0,1
39341,39343,3,1,1,1
39356,39358,3,2,0,1
39383,39386,4,1,1,2
39399,39400,2,1,0,1
39410,39414,5,2,2,1
39415,39416,2,1,0,1
39438,39439,2,1,0,1
39473,39475,3,2,0,1
39512,39515,4,1,2,1
39526,39527,2,1,0,1
39528,39531,4,1,1,2
39608,39610,3,1,0,2
39631,39632,2,1,0,1
39655,39656,2,1,0,1
39722,39724,3,2,0,1
39776,39777,2,1,0,1
39840,39841,2,1,0,1
39846,39848,3,1,0,2
39883,39884,2,1,0,1
39899,39901,3,1,0,2
39933,39934,2,1,0,1
39954,39956,3,2,0,1
39978,39988,11,2,7,2
39997,39998,2,1,0,1
40027,40028,2,1,0,1
40030,40032,3,1,0,2
40039,40040,2,1,0,1
40058,40059,2,1,0,1
40064,40067,4,2,0,2
40078,40080,3,1,1,1
40109,40110,2,1,0,1
40126,40128,3,1,0,2
40130,40131,2,1,0,1
40183,40184,2,1,0,1
40185,40189,5,2,0,3
40204,40205,2,1,0,1
40219,40223,5,1,2,2
40236,40237,2,1,0,1
40246,40247,2,1,0,1
40255,40257,3,1,0,2
40285,40286,2,1,0,1
40287,40290,4,1,2,1
40333,40334,2,1,0,1
40337,40338,2,1,0,1
40352,40356,5,1,3,1
40362,40367,6,2,1,3
40388,40391,4,2,0,2
40462,40463,2,1,0,1
40483,40484,2,1,0,1
40501,40502,2,1,0,1
40506,40507,2,1,0,1
40513,40515,3,2,0,1
40544,40546,3,1,1,1
40602,40605,4,2,1,1
40634,40636,3,1,0,2
40641,40644,4,2,0,2
40661,40663,3,1,0,2
40708,40709,2,1,0,1
40775,40777,3,2,0,1
40785,40786,2,1,0,1
40819,40820,2,1,0,1
40825,40826,2,1,0,1
40860,40861,2,1,0,1
40913,40915,3,1,1,1
40935,40936,2,1,0,1
40976,40978,3,1,0,2
40984,40985,2,1,0,1
40986,40987,2,1,0,1
40991,40992,2,1,0,1
41033,41034,2,1,0,1
41044,41046,3,2,0,1
41085,41086,2,1,0,1
41101,41102,2,1,0,1
41118,41121,4,1,1,2
41124,41127,4,1,2,1
41137,41139,3,1,1,1
41184,41186,3,2,0,1
41236,41239,4,2,0,2
41251,41253,3,1,0,2
41291,41292,2,1,0,1
41313,41314,2,1,0,1
41325,41326,2,1,0,1
41348,41349,2,1,0,1
41358,41359,2,1,0,1
41362,41363,2,1,0,1
41378,41379,2,1,0,1
41393,41396,4,2,0,2
41399,41400,2,1,0,1
41403,41404,2,1,0,1
41423,41426,4,2,1,1
41427,41428,2,1,0,1
41433,41437,5,1,3,1
41439,41443,5,1,2,2
41457,41459,3,1,1,1
41462,41465,4,1,2,1
41511,41513,3,1,0,2
41520,41522,3,1,1,1
41553,41555,3,2,0,1
41567,41569,3,1,1,1
41570,41576,7,2,3,2
41628,41630,3,2,0,1
41640,41642,3,1,0,2
41646,41649,4,1,0,3
41674,41675,2,1,0,1
41691,41693,3,1,0,2
41711,41712,2,1,0,1
41748,41750,3,1,1,1
41753,41754,2,1,0,1
41755,41756,2,1,0,1
41787,41788,2,1,0,1
41795,41797,3,1,0,2
41812,41814,3,1,0,2
41848,41849,2,1,0,1
41857,41858,2,1,0,1
41866,41868,3,2,0,1
41878,41879,2,1,0,1
41895,41898,4,1,1,2
41915,41917,3,1,1,1
41930,41931,2,1,0,1
42050,42052,3,1,0,2
42067,42069,3,1,1,1
42075,42076,2,1,0,1
42164,42165,2,1,0,1
42183,42184,2,1,0,1
42189,42191,3,1,1,1
42203,42205,3,1,1,1
42226,42227,2,1,0,1
42233,42235,3,1,1,1
42253,42257,5,1,3,1
42300,42303,4,1,2,1
42304,42307,4,1,2,1
42357,42365,9,1,6,2
42367,42369,3,1,1,1
42372,42377,6,1,1,4
42384,42385,2,1,0,1
42394,42396,3,1,1,1
42397,42401,5,1,2,2
42405,42409,5,1,3,1
42417,42421,5,1,1,3
42422,42425,4,1,2,1
42426,42428,3,1,0,2
42429,42430,2,1,0,1
42434,42437,4,1,0,3
42445,42446,2,1,0,1
42447,42448,2,1,0,1
42457,42460,4,2,1,1
42483,42484,2,1,0,1
42504,42505,2,1,0,1
42506,42510,5,3,1,1
42524,42527,4,1,2,1
42528,42530,3,1,0,2
42545,42547,3,1,1,1
42549,42550,2,1,0,1
42564,42567,4,2,0,2
42569,42573,5,1,2,2
42576,42580,5,1,0,4
42589,42592,4,2,0,2
42593,42594,2,1,0,1
42601,42603,3,2,0,1
42613,42617,5,1,1,3
42629,42630,2,1,0,1
42642,42643,2,1,0,1
42644,42646,3,1,0,2
42657,42662,6,1,3,2
42672,42673,2,1,0,1
42676,42677,2,1,0,1
42679,42680,2,1,0,1
42694,42695,2,1,0,1
42700,42704,5,2,0,3
42705,42707,3,1,1,1
42718,42720,3,1,0,2
42733,42734,2,1,0,1
42738,42740,3,2,0,1
42761,42762,2,1,0,1
42769,42770,2,1,0,1
42779,42780,2,1,0,1
42807,42810,4,1,1,2
42831,42835,5,2,2,1
42843,42847,5,1,2,2
42862,42863,2,1,0,1
42867,42870,4,1,2,1
42873,42875,3,1,0,2
42878,42881,4,3,0,1
42882,42883,2,1,0,1
42895,42897,3,1,1,1
42907,42910,4,1,0,3
42911,42912,2,1,0,1
42919,42920,2,1,0,1
42923,42925,3,1,1,1
42932,42936,5,1,3,1
42959,42960,2,1,0,1
42973,42976,4,1,1,2
42977,42981,5,2,1,2
42982,42983,2,1,0,1
42992,42994,3,1,0,2
43005,43007,3,2,0,1
43014,43016,3,1,0,2
43028,43031,4,2,1,1
43042,43045,4,1,2,1
43117,43119,3,1,1,1
43126,43128,3,1,0,2
43139,43141,3,1,1,1
43171,43172,2,1,0,1
43212,43213,2,1,0,1
43225,43228,4,1,2,1
43240,43241,2,1,0,1
43262,43263,2,1,0,1
43302,43309,8,1,6,1
43328,43330,3,1,1,1
43337,43338,2,1,0,1
43352,43355,4,2,0,2
43399,43400,2,1,0,1
43422,43424,3,1,0,2
43425,43428,4,1,2,1
43429,43430,2,1,0,1
43434,43437,4,2,1,1
43446,43447,2,1,0,1
43448,43450,3,1,0,2
43453,43456,4,1,1,2
43468,43471,4,1,2,1
43500,43503,4,1,0,3
43509,43510,2,1,0,1
43517,43521,5,1,2,2
43547,43548,2,1,0,1
43553,43554,2,1,0,1
43573,43575,3,2,0,1
43594,43596,3,1,1,1
43599,43600,2,1,0,1
43620,43622,3,1,1,1
43624,43625,2,1,0,1
43651,43654,4,1,2,1
43658,43659,2,1,0,1
43664,43666,3,1,1,1
43695,43698,4,1,0,3
43699,43701,3,2,0,1
43714,43719,6,2,3,1
43729,43733,5,2,0,3
43746,43749,4,1,1,2
43751,43753,3,2,0,1
43768,43770,3,1,0,2
43775,43777,3,1,1,1
43786,43789,4,1,1,2
43793,43794,2,1,0,1
43798,43799,2,1,0,1
43834,43835,2,1,0,1
43851,43856,6,2,3,1
43917,43921,5,1,3,1
43943,43947,5,1,2,2
43954,43956,3,1,1,1
43957,43958,2,1,0,1
43961,43964,4,1,2,1
43994,43995,2,1,0,1
44047,44050,4,2,1,1
44051,44052,2,1,0,1
44053,44056,4,1,0,3
44077,44078,2,1,0,1
44086,44087,2,1,0,1
44089,44092,4,1,0,3
44128,44131,4,2,0,2
44137,44138,2,1,0,1
44148,44149,2,1,0,1
44150,44151,2,1,0,1
44199,44200,2,1,0,1
44202,44204,3,1,0,2
44226,44227,2,1,0,1
44242,44243,2,1,0,1
44251,44252,2,1,0,1
44267,44269,3,1,1,1
44304,44307,4,1,1,2
44323,44326,4,1,0,3
44384,44387,4,1,2,1
44399,44402,4,2,1,1
44430,44433,4,3,0,1
44437,44439,3,1,1,1
44448,44450,3,1,1,1
44455,44458,4,2,0,2
44473,44474,2,1,0,1
44481,44482,2,1,0,1
44498,44499,2,1,0,1
44508,44509,2,1,0,1
44514,44516,3,2,0,1
44534,44536,3,2,0,1
44592,44594,3,1,1,1
44603,44605,3,1,1,1
44627,44628,2,1,0,1
44639,44640,2,1,0,1
44647,44648,2,1,0,1
44652,44654,3,1,1,1
44657,44659,3,2,0,1
44677,44679,3,1,0,2
44683,44685,3,1,1,1
44724,44725,2,1,0,1
44735,44739,5,2,1,2
44759,44761,3,1,0,2
44765,44766,2,1,0,1
44768,44769,2,1,0,1
44791,44794,4,1,2,1
44798,44800,3,1,1,1
44811,44813,3,1,1,1
44833,44834,2,1,0,1
44845,44847,3,1,1,1
44903,44909,7,1,5,1
44930,44931,2,1,0,1
44967,44972,6,2,3,1
44977,44979,3,1,0,2
44999,45001,3,1,0,2
45046,45051,6,1,2,3
45071,45073,3,1,1,1
45125,45126,2,1,0,1
45146,45149,4,1,0,3
45170,45171,2,1,0,1
45174,45175,2,1,0,1
45189,45190,2,1,0,1
45194,45197,4,1,2,1
45207,45208,2,1,0,1
45222,45226,5,1,2,2
45231,45232,2,1,0,1
45241,45244,4,1,2,1
45265,45266,2,1,0,1
45273,45274,2,1,0,1
45299,45301,3,1,1,1
45337,45338,2,1,0,1
45348,45350,3,1,0,2
45351,45352,2,1,0,1
45389,45391,3,1,1,1
45395,45398,4,1,2,1
45399,45401,3,2,0,1
45402,45405,4,1,2,1
45412,45414,3,1,1,1
45457,45459,3,1,1,1
45502,45504,3,1,1,1
45525,45526,2,1,0,1
45552,45555,4,1,2,1
45568,45571,4,1,2,1
45595,45596,2,1,0,1
45646,45647,2,1,0,1
45651,45652,2,1,0,1
45677,45679,3,2,0,1
45680,45682,3,1,0,2
45692,45693,2,1,0,1
45703,45704,2,1,0,1
45706,45707,2,1,0,1
45712,45714,3,1,1,1
45727,45731,5,1,2,2
45732,45734,3,1,0,2
45753,45754,2,1,0,1
45781,45783,3,1,0,2
45788,45792,5,1,3,1
45805,45809,5,3,0,2
45810,45812,3,1,1,1
45880,45883,4,1,1,2
45901,45903,3,1,1,1
45912,45914,3,1,0,2
45925,45927,3,1,0,2
45971,45973,3,1,0,2
46010,46011,2,1,0,1
46072,46073,2,1,0,1
46098,46100,3,1,1,1
46103,46105,3,1,1,1
46118,46120,3,1,1,1
46124,46125,2,1,0,1
46128,46132,5,1,3,1
46138,46141,4,1,0,3
46147,46152,6,1,4,1
46180,46183,4,2,1,1
46185,46187,3,1,1,1
46200,46202,3,1,0,2
46224,46227,4,2,1,1
46248,46249,2,1,0,1
46263,46264,2,1,0,1
46277,46279,3,1,0,2
46294,46295,2,1,0,1
46408,46409,2,1,0,1
46412,46413,2,1,0,1
46432,46436,5,1,3,1
46437,46438,2,1,0,1
46474,46475,2,1,0,1
46537,46542,6,2,3,1
46543,46546,4,2,1,1
46603,46604,2,1,0,1
46612,46613,2,1,0,1
46616,46618,3,1,1,1
46637,46639,3,2,0,1
46653,46654,2,1,0,1
46675,46676,2,1,0,1
46688,46690,3,1,0,2
46698,46700,3,1,1,1
46701,46702,2,1,0,1
46754,46755,2,1,0,1
46756,46760,5,3,1,1
46769,46771,3,2,0,1
46827,46828,2,1,0,1
46835,46837,3,1,1,1
46898,46899,2,1,0,1
46904,46908,5,3,1,1
46912,46917,6,3,1,2
46926,46927,2,1,0,1
47018,47020,3,1,1,1
47041,47044,4,1,0,3
47050,47052,3,2,0,1
47084,47087,4,3,0,1
47117,47119,3,1,1,1
47157,47159,3,1,0,2
47163,47164,2,1,0,1
47171,47173,3,1,1,1
47177,47178,2,1,0,1
47225,47228,4,1,1,2
47249,47250,2,1,0,1
47258,47260,3,1,0,2
47317,47320,4,1,0,3
47331,47335,5,2,2,1
47336,47337,2,1,0,1
47346,47348,3,2,0,1
47355,47357,3,1,0,2
47369,47371,3,1,1,1
47453,47455,3,1,0,2
47474,47477,4,2,0,2
47561,47565,5,1,3,1
47579,47580,2,1,0,1
47590,47592,3,1,1,1
47691,47695,5,3,0,2
47719,47721,3,1,0,2
47728,47730,3,1,0,2
47815,47816,2,1,0,1
47818,47820,3,1,1,1
47858,47859,2,1,0,1
47868,47873,6,3,1,2
47891,47892,2,1,0,1
47895,47900,6,2,2,2
47904,47906,3,2,0,1
47913,47914,2,1,0,1
47917,47920,4,2,1,1
47926,47927,2,1,0,1
47932,47933,2,1,0,1
47934,47935,2,1,0,1
47939,47940,2,1,0,1
47961,47964,4,2,1,1
47968,47971,4,3,0,1
48002,48005,4,3,0,1
48006,48010,5,3,0,2
48020,48022,3,1,1,1
48063,48066,4,1,1,2
48135,48136,2,1,0,1
48182,48183,2,1,0,1
48215,48216,2,1,0,1
48228,48230,3,2,0,1
48271,48272,2,1,0,1
48459,48463,5,1,0,4
48469,48470,2,1,0,1
48565,48566,2,1,0,1
48571,48572,2,1,0,1
48645,48647,3,1,0,2
48704,48705,2,1,0,1
48863,48865,3,1,1,1
48878,48879,2,1,0,1
48908,48910,3,1,0,2
48938,48940,3,1,0,2
48946,48950,5,1,1,3
48952,48954,3,1,0,2
48955,48957,3,1,1,1
49011,49012,2,1,0,1
49057,49058,2,1,0,1
49074,49075,2,1,0,1
49088,49091,4,1,1,2
49092,49094,3,1,0,2
49113,49114,2,1,0,1
49121,49123,3,1,0,2
49130,49134,5,1,0,4
49143,49144,2,1,0,1
49205,49209,5,3,0,2
49223,49225,3,1,1,1
49252,49257,6,1,1,4
49262,49264,3,2,0,1
49265,49267,3,2,0,1
49288,49289,2,1,0,1
49290,49292,3,2,0,1
49294,49298,5,1,0,4
49323,49327,5,2,2,1
49328,49329,2,1,0,1
49342,49343,2,1,0,1
49381,49382,2,1,0,1
49388,49390,3,1,0,2
49391,49392,2,1,0,1
49393,49394,2,1,0,1
49405,49409,5,3,0,2
49426,49431,6,5,0,1
49512,49513,2,1,0,1
49514,49516,3,2,0,1
49518,49521,4,1,2,1
49525,49527,3,1,1,1
49582,49584,3,1,1,1
49676,49678,3,1,0,2
49683,49684,2,1,0,1
49691,49694,4,1,1,2
49696,49701,6,1,2,3
49705,49706,2,1,0,1
49711,49715,5,1,3,1
49716,49728,13,1,3,9
49730,49733,4,1,0,3
49734,49739,6,2,1,3
49759,49760,2,1,0,1
49772,49774,3,1,1,1
49816,49820,5,1,3,1
49836,49840,5,1,3,1
49860,49861,2,1,0,1
49868,49870,3,1,1,1
49891,49893,3,1,1,1
49903,49906,4,1,2,1
49953,49955,3,1,1,1
49963,49965,3,1,1,1
49985,49987,3,1,0,2
