start_row,end_row,match_length,a_count,b_count
420,421,2,1,1
728,729,2,1,1
1054,1055,2,1,1
1341,1343,3,2,1
1395,1397,3,1,2
1536,1537,2,1,1
1815,1816,2,1,1
1985,1987,3,1,2
2026,2027,2,1,1
2031,2035,5,1,4
2049,2051,3,1,2
2068,2069,2,1,1
2072,2074,3,1,2
2094,2095,2,1,1
2260,2262,3,1,2
2290,2291,2,1,1
2319,2320,2,1,1
2331,2332,2,1,1
2360,2361,2,1,1
2375,2376,2,1,1
2381,2382,2,1,1
2391,2392,2,1,1
2413,2414,2,1,1
2434,2435,2,1,1
2442,2447,6,1,5
2566,2567,2,1,1
2568,2569,2,1,1
2573,2576,4,1,3
2594,2598,5,1,4
2616,2617,2,1,1
2619,2621,3,2,1
2642,2644,3,1,2
2645,2647,3,2,1
2653,2658,6,1,5
2702,2706,5,1,4
2707,2709,3,2,1
2713,2714,2,1,1
2715,2719,5,1,4
2720,2723,4,3,1
2724,2725,2,1,1
2735,2737,3,1,2
2743,2746,4,1,3
2750,2752,3,1,2
2756,2757,2,1,1
2758,2763,6,1,5
2768,2773,6,1,5
2796,2797,2,1,1
2798,2800,3,1,2
2801,2803,3,1,2
2804,2806,3,1,2
2812,2817,6,1,5
2818,2819,2,1,1
2830,2831,2,1,1
2834,2835,2,1,1
2838,2839,2,1,1
2845,2849,5,4,1
2859,2862,4,1,3
2899,2901,3,1,2
2913,2914,2,1,1
2924,2925,2,1,1
2926,2927,2,1,1
2928,2929,2,1,1
2931,2932,2,1,1
2940,2942,3,1,2
2943,2945,3,1,2
2946,2947,2,1,1
2948,2951,4,3,1
2955,2956,2,1,1
2957,2965,9,5,4
2966,2969,4,1,3
2976,2980,5,4,1
2981,2983,3,1,2
2991,2992,2,1,1
2995,2997,3,2,1
3003,3005,3,2,1
3006,3010,5,1,4
3011,3013,3,1,2
3018,3025,8,1,7
3026,3027,2,1,1
3028,3030,3,1,2
3034,3037,4,3,1
3038,3039,2,1,1
3059,3061,3,1,2
3071,3074,4,2,2
3075,3077,3,2,1
3078,3096,19,1,18
3097,3099,3,1,2
3127,3128,2,1,1
3130,3137,8,5,3
3142,3144,3,1,2
3151,3157,7,6,1
3158,3159,2,1,1
3165,3167,3,1,2
3177,3183,7,3,4
3187,3188,2,1,1
3196,3198,3,1,2
3199,3202,4,1,3
3203,3204,2,1,1
3206,3207,2,1,1
3213,3216,4,3,1
3229,3230,2,1,1
3236,3237,2,1,1
3241,3246,6,3,3
3266,3268,3,2,1
3278,3280,3,1,2
3281,3285,5,1,4
3286,3289,4,2,2
3292,3294,3,2,1
3312,3318,7,5,2
3320,3321,2,1,1
3328,3331,4,1,3
3339,3340,2,1,1
3341,3343,3,1,2
3352,3353,2,1,1
3359,3364,6,4,2
3365,3366,2,1,1
3367,3368,2,1,1
3378,3379,2,1,1
3380,3382,3,1,2
3385,3390,6,1,5
3395,3396,2,1,1
3397,3398,2,1,1
3409,3410,2,1,1
3411,3412,2,1,1
3413,3414,2,1,1
3418,3426,9,7,2
3428,3430,3,1,2
3431,3436,6,1,5
3437,3441,5,1,4
3445,3446,2,1,1
3449,3450,2,1,1
3467,3468,2,1,1
3491,3494,4,1,3
3495,3497,3,2,1
3498,3502,5,2,3
3503,3504,2,1,1
3506,3507,2,1,1
3510,3512,3,2,1
3522,3524,3,1,2
3531,3536,6,1,5
3545,3548,4,1,3
3560,3564,5,4,1
3567,3568,2,1,1
3576,3581,6,2,4
3585,3586,2,1,1
3588,3591,4,2,2
3592,3593,2,1,1
3594,3596,3,2,1
3598,3599,2,1,1
3600,3604,5,2,3
3605,3608,4,1,3
3612,3615,4,3,1
3616,3619,4,3,1
3623,3624,2,1,1
3625,3626,2,1,1
3627,3629,3,2,1
3631,3633,3,2,1
3635,3637,3,2,1
3641,3645,5,1,4
3671,3672,2,1,1
3673,3675,3,2,1
3676,3680,5,2,3
3682,3683,2,1,1
3687,3689,3,2,1
3694,3696,3,1,2
3701,3702,2,1,1
3708,3709,2,1,1
3710,3711,2,1,1
3723,3724,2,1,1
3736,3739,4,1,3
3742,3746,5,1,4
3752,3757,6,2,4
3759,3762,4,1,3
3775,3776,2,1,1
3777,3779,3,2,1
3780,3783,4,1,3
3788,3791,4,3,1
3795,3798,4,1,3
3800,3804,5,1,4
3805,3807,3,1,2
3819,3821,3,1,2
3822,3827,6,1,5
3832,3836,5,1,4
3837,3840,4,1,3
3845,3848,4,1,3
3849,3852,4,2,2
3855,3856,2,1,1
3857,3860,4,1,3
3868,3870,3,1,2
3881,3882,2,1,1
3896,3898,3,1,2
3905,3908,4,3,1
3909,3911,3,2,1
3912,3917,6,1,5
3946,3948,3,2,1
3949,3957,9,1,8
3967,3970,4,2,2
3973,3977,5,2,3
3984,3985,2,1,1
3986,3987,2,1,1
3988,3989,2,1,1
3990,3992,3,1,2
4019,4023,5,2,3
4024,4025,2,1,1
4026,4029,4,2,2
4034,4036,3,1,2
4037,4042,6,1,5
4045,4046,2,1,1
4047,4050,4,3,1
4066,4068,3,1,2
4077,4078,2,1,1
4081,4084,4,1,3
4097,4098,2,1,1
4107,4109,3,2,1
4112,4113,2,1,1
4118,4119,2,1,1
4123,4126,4,1,3
4127,4130,4,1,3
4148,4150,3,1,2
4161,4164,4,1,3
4165,4171,7,2,5
4172,4173,2,1,1
4176,4177,2,1,1
4178,4179,2,1,1
4198,4203,6,3,3
4204,4208,5,1,4
4211,4219,9,4,5
4220,4222,3,2,1
4235,4236,2,1,1
4250,4251,2,1,1
4252,4258,7,3,4
4259,4260,2,1,1
4261,4265,5,4,1
4273,4274,2,1,1
4275,4276,2,1,1
4278,4280,3,2,1
4305,4308,4,3,1
4309,4310,2,1,1
4319,4321,3,1,2
4322,4323,2,1,1
4325,4327,3,1,2
4328,4330,3,1,2
4348,4351,4,2,2
4352,4353,2,1,1
4359,4364,6,3,3
4365,4368,4,1,3
4369,4374,6,5,1
4375,4376,2,1,1
4377,4378,2,1,1
4403,4406,4,2,2
4417,4420,4,1,3
4447,4448,2,1,1
4449,4455,7,3,4
4456,4458,3,2,1
4464,4467,4,1,3
4468,4471,4,3,1
4472,4474,3,1,2
4475,4477,3,1,2
4478,4486,9,2,7
4487,4490,4,3,1
4491,4492,2,1,1
4501,4502,2,1,1
4516,4526,11,3,8
4527,4536,10,9,1
4537,4539,3,1,2
4540,4542,3,1,2
4552,4555,4,3,1
4556,4557,2,1,1
4798,4802,5,2,3
4804,4807,4,1,3
4815,4816,2,1,1
4825,4826,2,1,1
4827,4828,2,1,1
4853,4855,3,2,1
4861,4862,2,1,1
4866,4867,2,1,1
4894,4895,2,1,1
4903,4904,2,1,1
4905,4906,2,1,1
5374,5376,3,1,2
5613,5614,2,1,1
5615,5619,5,2,3
5620,5621,2,1,1
6437,6439,3,1,2
6448,6449,2,1,1
6740,6742,3,1,2
6743,6749,7,6,1
6750,6751,2,1,1
7349,7352,4,2,2
7414,7423,10,1,9
7687,7688,2,1,1
7689,7690,2,1,1
8138,8141,4,1,3
8789,8793,5,2,3
9094,9096,3,1,2
9112,9113,2,1,1
9114,9116,3,1,2
9121,9126,6,5,1
9127,9128,2,1,1
9129,9130,2,1,1
9131,9134,4,1,3
9273,9276,4,3,1
9277,9279,3,1,2
9280,9281,2,1,1
9288,9290,3,1,2
9296,9298,3,2,1
9299,9301,3,1,2
9345,9349,5,4,1
9354,9357,4,3,1
9367,9369,3,1,2
9370,9371,2,1,1
9373,9374,2,1,1
9375,9377,3,2,1
9380,9381,2,1,1
9414,9420,7,6,1
9423,9424,2,1,1
9456,9457,2,1,1
9479,9481,3,1,2
9482,9484,3,2,1
9488,9489,2,1,1
9491,9493,3,1,2
9507,9508,2,1,1
9509,9510,2,1,1
9526,9527,2,1,1
9606,9608,3,2,1
9609,9610,2,1,1
9611,9612,2,1,1
9660,9661,2,1,1
9663,9664,2,1,1
9669,9670,2,1,1
9686,9689,4,2,2
9696,9697,2,1,1
9698,9699,2,1,1
9708,9728,21,6,15
9744,9752,9,7,2
9753,9755,3,1,2
9756,9784,29,1,28
9807,9810,4,3,1
9811,9815,5,4,1
9818,9819,2,1,1
9820,9821,2,1,1
9822,9824,3,1,2
9825,9829,5,4,1
9830,9831,2,1,1
9833,9834,2,1,1
9835,9837,3,1,2
9856,9858,3,1,2
9859,9861,3,1,2
9867,9868,2,1,1
9869,9870,2,1,1
9872,9873,2,1,1
9874,9875,2,1,1
11297,11298,2,1,1
11368,11369,2,1,1
11385,11386,2,1,1
11388,11389,2,1,1
11450,11451,2,1,1
11459,11460,2,1,1
11468,11469,2,1,1
11473,11474,2,1,1
11510,11511,2,1,1
11513,11515,3,2,1
11588,11591,4,2,2
11599,11600,2,1,1
11608,11610,3,2,1
11676,11678,3,1,2
11691,11693,3,2,1
11720,11722,3,1,2
11732,11733,2,1,1
11734,11735,2,1,1
11764,11767,4,2,2
11768,11770,3,1,2
11771,11773,3,1,2
11780,11781,2,1,1
11786,11790,5,1,4
11840,11843,4,1,3
11859,11862,4,2,2
11885,11888,4,1,3
11889,11890,2,1,1
11891,11893,3,2,1
11916,11920,5,3,2
11937,11939,3,1,2
11955,11956,2,1,1
11958,11959,2,1,1
11968,11969,2,1,1
11970,11971,2,1,1
11974,11977,4,2,2
11990,11992,3,2,1
12006,12007,2,1,1
12016,12017,2,1,1
12027,12032,6,1,5
12034,12035,2,1,1
12042,12043,2,1,1
12045,12046,2,1,1
12047,12051,5,3,2
12055,12056,2,1,1
12058,12059,2,1,1
12060,12062,3,2,1
12074,12077,4,2,2
12087,12088,2,1,1
12096,12099,4,1,3
12100,12101,2,1,1
12109,12112,4,1,3
12122,12123,2,1,1
12126,12127,2,1,1
12148,12151,4,3,1
12163,12164,2,1,1
12174,12175,2,1,1
12180,12182,3,1,2
12183,12186,4,2,2
12194,12195,2,1,1
12204,12205,2,1,1
12223,12226,4,1,3
12227,12232,6,2,4
12236,12239,4,2,2
12245,12246,2,1,1
12248,12250,3,2,1
12254,12256,3,1,2
12277,12280,4,3,1
12295,12296,2,1,1
12313,12314,2,1,1
12318,12320,3,1,2
12329,12331,3,2,1
12352,12354,3,1,2
12359,12361,3,2,1
12367,12368,2,1,1
12369,12370,2,1,1
12374,12375,2,1,1
12389,12393,5,2,3
12399,12400,2,1,1
12403,12407,5,1,4
12418,12419,2,1,1
12439,12440,2,1,1
12449,12450,2,1,1
12451,12457,7,2,5
12458,12461,4,2,2
12480,12481,2,1,1
12489,12490,2,1,1
12501,12503,3,2,1
12517,12518,2,1,1
12530,12531,2,1,1
12545,12546,2,1,1
12557,12558,2,1,1
12563,12565,3,2,1
12585,12587,3,2,1
12588,12590,3,2,1
12603,12604,2,1,1
12607,12609,3,1,2
12627,12629,3,1,2
12649,12650,2,1,1
12664,12665,2,1,1
12678,12679,2,1,1
12680,12681,2,1,1
12697,12698,2,1,1
12701,12704,4,1,3
12706,12707,2,1,1
12708,12709,2,1,1
12725,12726,2,1,1
12734,12735,2,1,1
12745,12748,4,3,1
12763,12765,3,2,1
12779,12780,2,1,1
12789,12790,2,1,1
12793,12794,2,1,1
12809,12813,5,1,4
12818,12820,3,1,2
12853,12854,2,1,1
12856,12857,2,1,1
12862,12863,2,1,1
12879,12880,2,1,1
12881,12884,4,3,1
12889,12892,4,1,3
12893,12902,10,9,1
12903,12905,3,2,1
12906,12911,6,5,1
12912,12919,8,1,7
13047,13049,3,1,2
13120,13121,2,1,1
13167,13169,3,1,2
13172,13178,7,1,6
13191,13192,2,1,1
13208,13209,2,1,1
13217,13218,2,1,1
13226,13228,3,1,2
13229,13231,3,1,2
13239,13241,3,2,1
13307,13309,3,1,2
13338,13339,2,1,1
13366,13368,3,2,1
13386,13388,3,2,1
13391,13392,2,1,1
13409,13410,2,1,1
13420,13422,3,2,1
13423,13426,4,3,1
13443,13446,4,2,2
13449,13450,2,1,1
13455,13457,3,1,2
13482,13484,3,2,1
13527,13528,2,1,1
13556,13557,2,1,1
13582,13584,3,1,2
13587,13589,3,2,1
13604,13609,6,2,4
13610,13613,4,1,3
13619,13620,2,1,1
13625,13626,2,1,1
13642,13643,2,1,1
13647,13650,4,1,3
13667,13669,3,2,1
13712,13713,2,1,1
13714,13717,4,3,1
13761,13763,3,1,2
13778,13780,3,1,2
13790,13794,5,3,2
13808,13811,4,1,3
13812,13815,4,1,3
13850,13857,8,5,3
13879,13880,2,1,1
13891,13893,3,2,1
13899,13902,4,3,1
13923,13924,2,1,1
13975,13977,3,1,2
14016,14021,6,1,5
14049,14051,3,1,2
14057,14060,4,1,3
14067,14068,2,1,1
14103,14105,3,1,2
14111,14115,5,3,2
14118,14119,2,1,1
14125,14129,5,3,2
14136,14139,4,1,3
14144,14146,3,1,2
14159,14162,4,1,3
14168,14169,2,1,1
14188,14190,3,1,2
14195,14196,2,1,1
14197,14199,3,2,1
14201,14203,3,2,1
14221,14222,2,1,1
14223,14224,2,1,1
14228,14229,2,1,1
14238,14239,2,1,1
14240,14244,5,2,3
14251,14254,4,2,2
14261,14262,2,1,1
14263,14264,2,1,1
14303,14305,3,2,1
14330,14331,2,1,1
14348,14350,3,2,1
14379,14381,3,1,2
14392,14394,3,1,2
14401,14403,3,2,1
14410,14414,5,1,4
14440,14442,3,1,2
14446,14447,2,1,1
14472,14475,4,1,3
14477,14479,3,1,2
14489,14490,2,1,1
14542,14546,5,2,3
14566,14567,2,1,1
14568,14569,2,1,1
14583,14584,2,1,1
14587,14590,4,1,3
14596,14598,3,2,1
14643,14646,4,2,2
14649,14650,2,1,1
14659,14660,2,1,1
14661,14662,2,1,1
14676,14679,4,3,1
14682,14683,2,1,1
14686,14688,3,1,2
14711,14712,2,1,1
14728,14730,3,2,1
14749,14750,2,1,1
14764,14766,3,1,2
14769,14770,2,1,1
14786,14788,3,1,2
14791,14792,2,1,1
14801,14803,3,1,2
14821,14822,2,1,1
14849,14851,3,1,2
14931,14937,7,1,6
14966,14968,3,1,2
14978,14979,2,1,1
14984,14985,2,1,1
15008,15010,3,2,1
15030,15032,3,2,1
15044,15047,4,3,1
15055,15057,3,1,2
15073,15075,3,2,1
15085,15086,2,1,1
15098,15101,4,1,3
15116,15117,2,1,1
15122,15123,2,1,1
15152,15153,2,1,1
15154,15157,4,2,2
15167,15168,2,1,1
15170,15171,2,1,1
15197,15200,4,2,2
15232,15233,2,1,1
15243,15244,2,1,1
15251,15252,2,1,1
15253,15255,3,2,1
15260,15265,6,1,5
15280,15281,2,1,1
15282,15283,2,1,1
15290,15291,2,1,1
15305,15306,2,1,1
15325,15326,2,1,1
15333,15334,2,1,1
15344,15347,4,1,3
15348,15350,3,1,2
15351,15353,3,1,2
15354,15355,2,1,1
15377,15380,4,3,1
15381,15382,2,1,1
15415,15417,3,1,2
15432,15433,2,1,1
15435,15436,2,1,1
15447,15448,2,1,1
15492,15493,2,1,1
15506,15507,2,1,1
15515,15517,3,1,2
15519,15520,2,1,1
15536,15537,2,1,1
15579,15580,2,1,1
15585,15586,2,1,1
15588,15589,2,1,1
15612,15613,2,1,1
15625,15626,2,1,1
15639,15641,3,1,2
15645,15646,2,1,1
15647,15648,2,1,1
15650,15652,3,1,2
15671,15674,4,2,2
15697,15699,3,1,2
15704,15707,4,2,2
15722,15723,2,1,1
15729,15733,5,1,4
15762,15763,2,1,1
15766,15767,2,1,1
15768,15769,2,1,1
15788,15790,3,1,2
15799,15800,2,1,1
15811,15813,3,2,1
15820,15821,2,1,1
15825,15826,2,1,1
15844,15845,2,1,1
15859,15860,2,1,1
15861,15863,3,2,1
15874,15877,4,3,1
15883,15885,3,2,1
15911,15912,2,1,1
15923,15924,2,1,1
15930,15937,8,1,7
15955,15957,3,2,1
15965,15966,2,1,1
15973,15974,2,1,1
15982,15983,2,1,1
16003,16005,3,2,1
16016,16017,2,1,1
16018,16019,2,1,1
16025,16028,4,2,2
16029,16032,4,2,2
16059,16060,2,1,1
16087,16090,4,1,3
16095,16096,2,1,1
16103,16104,2,1,1
16119,16120,2,1,1
16121,16122,2,1,1
16144,16146,3,1,2
16156,16159,4,1,3
16167,16170,4,3,1
16197,16198,2,1,1
16248,16251,4,2,2
16278,16280,3,2,1
16293,16294,2,1,1
16336,16337,2,1,1
16346,16347,2,1,1
16366,16373,8,2,6
16405,16408,4,2,2
16416,16417,2,1,1
16450,16452,3,1,2
16471,16472,2,1,1
16504,16507,4,1,3
16511,16512,2,1,1
16513,16514,2,1,1
16515,16517,3,1,2
16550,16556,7,1,6
16560,16561,2,1,1
16563,16565,3,1,2
16566,16567,2,1,1
16592,16593,2,1,1
16599,16602,4,2,2
16631,16633,3,2,1
16636,16637,2,1,1
16650,16652,3,2,1
16697,16699,3,1,2
16711,16713,3,1,2
16714,16715,2,1,1
16716,16718,3,2,1
16730,16731,2,1,1
16739,16740,2,1,1
16753,16757,5,1,4
16760,16761,2,1,1
16770,16772,3,2,1
16780,16781,2,1,1
16803,16804,2,1,1
16819,16821,3,1,2
16823,16825,3,1,2
16843,16844,2,1,1
16859,16860,2,1,1
16865,16866,2,1,1
16869,16871,3,1,2
16906,16907,2,1,1
16922,16924,3,2,1
16951,16952,2,1,1
16960,16962,3,1,2
16964,16966,3,1,2
16976,16977,2,1,1
16978,16980,3,1,2
17000,17001,2,1,1
17002,17003,2,1,1
17006,17007,2,1,1
17020,17021,2,1,1
17025,17026,2,1,1
17048,17049,2,1,1
17058,17059,2,1,1
17064,17067,4,1,3
17087,17089,3,2,1
17122,17123,2,1,1
17136,17137,2,1,1
17138,17139,2,1,1
17172,17173,2,1,1
17187,17188,2,1,1
17204,17207,4,3,1
17294,17295,2,1,1
17306,17310,5,3,2
17317,17319,3,1,2
17342,17343,2,1,1
17362,17363,2,1,1
17367,17370,4,2,2
17393,17394,2,1,1
17417,17418,2,1,1
17441,17442,2,1,1
17448,17449,2,1,1
17457,17458,2,1,1
17465,17467,3,1,2
17482,17484,3,1,2
17490,17492,3,2,1
17513,17517,5,2,3
17530,17531,2,1,1
17543,17544,2,1,1
17545,17546,2,1,1
17574,17575,2,1,1
17576,17577,2,1,1
17580,17582,3,1,2
17597,17598,2,1,1
17603,17604,2,1,1
17607,17610,4,1,3
17766,17767,2,1,1
17859,17860,2,1,1
17887,17889,3,1,2
17982,17983,2,1,1
18149,18151,3,2,1
18164,18165,2,1,1
18430,18431,2,1,1
18460,18464,5,1,4
18476,18477,2,1,1
18478,18479,2,1,1
18480,18481,2,1,1
18671,18675,5,1,4
18676,18677,2,1,1
18678,18680,3,1,2
18681,18686,6,1,5
18688,18690,3,1,2
18694,18697,4,1,3
18707,18708,2,1,1
18714,18716,3,1,2
18717,18719,3,1,2
18737,18738,2,1,1
18739,18743,5,1,4
18759,18761,3,1,2
18777,18779,3,1,2
18851,18853,3,1,2
18876,18878,3,1,2
18899,18901,3,2,1
19071,19072,2,1,1
19417,19418,2,1,1
19443,19445,3,1,2
19455,19457,3,1,2
19486,19492,7,6,1
19493,19502,10,9,1
19503,19505,3,2,1
19506,19507,2,1,1
19511,19513,3,1,2
19514,19527,14,13,1
19532,19533,2,1,1
19534,19538,5,2,3
19539,19540,2,1,1
19541,19546,6,5,1
19547,19550,4,2,2
19551,19554,4,2,2
19555,19558,4,2,2
19559,19561,3,2,1
19562,19571,10,7,3
19572,19583,12,10,2
19584,19588,5,4,1
19589,19591,3,1,2
19592,19594,3,2,1
19595,19603,9,8,1
19609,19618,10,9,1
19619,19620,2,1,1
19621,19628,8,7,1
19629,19630,2,1,1
19631,19633,3,2,1
19634,19638,5,4,1
19639,19646,8,7,1
19647,19649,3,2,1
19654,19655,2,1,1
19657,19658,2,1,1
19659,19672,14,13,1
19673,19674,2,1,1
19675,19679,5,1,4
19680,19683,4,2,2
19684,19685,2,1,1
19686,19689,4,3,1
19690,19700,11,7,4
19701,19705,5,3,2
19706,19709,4,3,1
19713,19715,3,2,1
19716,19719,4,3,1
19720,19721,2,1,1
19722,19728,7,5,2
19729,19730,2,1,1
19735,19737,3,1,2
19740,19745,6,3,3
19746,19750,5,3,2
19751,19753,3,2,1
19754,19757,4,3,1
19758,19762,5,4,1
19764,19766,3,1,2
19767,19769,3,1,2
19773,19775,3,2,1
19776,19779,4,3,1
19780,19781,2,1,1
19782,19784,3,1,2
19788,19791,4,2,2
19792,19794,3,2,1
19799,19803,5,3,2
19804,19810,7,6,1
19815,19816,2,1,1
19817,19819,3,2,1
19820,19821,2,1,1
19822,19824,3,1,2
19825,19830,6,5,1
19831,19839,9,8,1
19842,19850,9,7,2
19851,19854,4,3,1
19855,19857,3,1,2
19860,19864,5,4,1
19865,19869,5,4,1
19870,19872,3,2,1
19878,19881,4,2,2
19885,19887,3,1,2
19888,19892,5,4,1
19893,19897,5,1,4
19898,19899,2,1,1
19900,19904,5,4,1
19905,19909,5,3,2
19910,19919,10,3,7
19920,19929,10,9,1
19930,19931,2,1,1
19938,19946,9,8,1
19947,19949,3,2,1
19950,19953,4,2,2
19954,19955,2,1,1
19956,19957,2,1,1
19958,19961,4,2,2
19969,19972,4,3,1
19975,19979,5,3,2
19980,19981,2,1,1
19982,19989,8,7,1
19990,19992,3,1,2
19994,19995,2,1,1
19996,19999,4,2,2
20005,20007,3,2,1
20013,20014,2,1,1
20016,20019,4,3,1
20020,20021,2,1,1
20024,20029,6,3,3
20030,20033,4,2,2
20034,20036,3,1,2
20037,20039,3,1,2
20044,20047,4,3,1
20048,20049,2,1,1
20050,20052,3,1,2
20053,20054,2,1,1
20055,20056,2,1,1
20058,20066,9,7,2
20067,20070,4,3,1
20071,20074,4,1,3
20077,20082,6,4,2
20083,20087,5,4,1
20088,20092,5,2,3
20093,20095,3,1,2
20096,20097,2,1,1
20098,20103,6,5,1
20104,20107,4,2,2
20108,20113,6,2,4
20114,20118,5,3,2
20119,20124,6,4,2
20128,20130,3,1,2
20131,20134,4,2,2
20135,20136,2,1,1
20137,20138,2,1,1
20139,20143,5,4,1
20144,20145,2,1,1
20146,20155,10,7,3
20156,20165,10,9,1
20166,20168,3,2,1
20169,20172,4,3,1
20173,20176,4,3,1
20177,20178,2,1,1
20179,20182,4,1,3
20183,20184,2,1,1
20185,20194,10,9,1
20195,20199,5,3,2
20200,20202,3,1,2
20203,20205,3,2,1
20206,20209,4,3,1
20210,20213,4,2,2
20219,20222,4,3,1
20223,20225,3,2,1
20226,20230,5,4,1
20231,20236,6,3,3
20239,20242,4,3,1
20246,20247,2,1,1
20248,20249,2,1,1
20250,20253,4,3,1
20254,20257,4,3,1
20258,20259,2,1,1
20260,20267,8,5,3
20268,20270,3,2,1
20271,20273,3,2,1
20274,20276,3,2,1
20277,20281,5,3,2
20282,20285,4,2,2
20286,20287,2,1,1
20288,20290,3,2,1
20291,20292,2,1,1
20296,20298,3,1,2
20299,20304,6,5,1
20305,20307,3,2,1
20309,20313,5,2,3
20314,20316,3,2,1
20317,20318,2,1,1
20319,20325,7,5,2
20326,20327,2,1,1
20328,20329,2,1,1
20335,20339,5,2,3
20340,20345,6,3,3
20346,20349,4,3,1
20350,20354,5,3,2
20355,20357,3,1,2
20358,20362,5,4,1
20363,20366,4,2,2
20367,20370,4,2,2
20373,20375,3,2,1
20376,20378,3,2,1
20387,20389,3,1,2
20390,20394,5,4,1
20395,20396,2,1,1
20397,20398,2,1,1
20399,20400,2,1,1
20401,20404,4,2,2
20405,20406,2,1,1
20407,20408,2,1,1
20409,20410,2,1,1
20411,20414,4,1,3
20415,20416,2,1,1
20423,20425,3,1,2
20426,20429,4,3,1
20430,20431,2,1,1
20432,20434,3,1,2
20437,20438,2,1,1
20439,20441,3,2,1
20442,20445,4,3,1
20446,20449,4,2,2
20450,20451,2,1,1
20452,20454,3,1,2
20455,20458,4,1,3
20459,20462,4,3,1
20463,20464,2,1,1
20465,20467,3,2,1
20471,20472,2,1,1
20473,20476,4,3,1
20477,20483,7,6,1
20490,20492,3,2,1
20493,20494,2,1,1
20495,20496,2,1,1
20497,20500,4,3,1
20503,20504,2,1,1
20506,20507,2,1,1
20508,20514,7,5,2
20515,20517,3,1,2
20518,20519,2,1,1
20523,20529,7,6,1
20530,20532,3,2,1
20533,20536,4,2,2
20537,20539,3,2,1
20540,20541,2,1,1
20542,20551,10,9,1
20552,20553,2,1,1
20558,20560,3,2,1
20561,20563,3,1,2
20564,20568,5,1,4
20569,20570,2,1,1
20571,20574,4,2,2
20575,20576,2,1,1
20588,20593,6,4,2
20596,20597,2,1,1
20598,20599,2,1,1
20600,20604,5,4,1
20608,20611,4,1,3
20612,20620,9,8,1
20621,20629,9,8,1
20630,20631,2,1,1
20632,20635,4,3,1
20636,20642,7,5,2
20643,20645,3,1,2
20648,20649,2,1,1
20650,20653,4,3,1
20654,20655,2,1,1
20658,20660,3,1,2
20661,20664,4,3,1
20665,20667,3,2,1
20668,20672,5,3,2
20673,20674,2,1,1
20675,20679,5,4,1
20684,20688,5,3,2
20689,20693,5,4,1
20694,20695,2,1,1
20696,20704,9,6,3
20705,20706,2,1,1
20707,20709,3,1,2
20710,20715,6,3,3
20716,20717,2,1,1
20718,20719,2,1,1
20722,20725,4,1,3
20726,20729,4,1,3
20730,20732,3,2,1
20733,20734,2,1,1
20740,20743,4,1,3
20744,20745,2,1,1
20746,20756,11,2,9
20757,20759,3,2,1
20761,20762,2,1,1
20763,20770,8,6,2
20775,20776,2,1,1
20782,20783,2,1,1
20789,20791,3,2,1
20793,20794,2,1,1
20795,20804,10,8,2
20805,20806,2,1,1
20807,20811,5,3,2
20812,20814,3,1,2
20818,20819,2,1,1
20820,20821,2,1,1
20822,20823,2,1,1
20824,20828,5,4,1
20829,20830,2,1,1
20831,20832,2,1,1
20833,20836,4,3,1
20837,20839,3,1,2
20840,20841,2,1,1
20842,20847,6,5,1
20848,20850,3,2,1
20851,20852,2,1,1
20853,20854,2,1,1
20855,20856,2,1,1
20857,20859,3,1,2
20860,20863,4,3,1
20864,20865,2,1,1
20866,20868,3,2,1
20869,20871,3,1,2
20875,20881,7,6,1
20882,20883,2,1,1
20884,20885,2,1,1
20886,20888,3,2,1
20889,20890,2,1,1
20892,20893,2,1,1
20894,20896,3,2,1
20897,20899,3,2,1
20900,20901,2,1,1
20903,20906,4,1,3
20907,20908,2,1,1
20909,20917,9,7,2
20919,20924,6,4,2
20925,20928,4,2,2
20929,20932,4,3,1
20933,20936,4,1,3
20940,20942,3,2,1
20943,20945,3,2,1
20946,20948,3,2,1
20949,20953,5,3,2
20954,20955,2,1,1
20956,20958,3,1,2
20962,20967,6,2,4
20972,20974,3,2,1
20976,20977,2,1,1
20978,20983,6,5,1
20987,20993,7,2,5
20994,20996,3,2,1
21000,21003,4,2,2
21004,21008,5,4,1
21009,21011,3,2,1
21015,21019,5,4,1
21020,21022,3,2,1
21023,21024,2,1,1
21025,21029,5,2,3
21035,21037,3,2,1
21038,21044,7,6,1
21059,21060,2,1,1
21061,21067,7,6,1
21068,21071,4,2,2
21073,21074,2,1,1
21075,21079,5,3,2
21080,21085,6,5,1
21090,21093,4,3,1
21094,21099,6,3,3
21100,21103,4,2,2
21104,21106,3,2,1
21107,21108,2,1,1
21109,21111,3,2,1
21112,21114,3,1,2
21118,21121,4,1,3
21130,21135,6,5,1
21136,21137,2,1,1
21138,21140,3,1,2
21141,21144,4,1,3
21145,21148,4,2,2
21149,21151,3,1,2
21153,21156,4,1,3
21159,21168,10,7,3
21169,21170,2,1,1
21171,21175,5,2,3
21176,21177,2,1,1
21188,21192,5,2,3
21193,21194,2,1,1
21195,21198,4,2,2
21199,21200,2,1,1
21203,21214,12,11,1
21218,21223,6,1,5
21224,21226,3,2,1
21227,21232,6,1,5
21233,21236,4,2,2
21237,21238,2,1,1
21244,21247,4,2,2
21248,21251,4,2,2
21252,21254,3,2,1
21256,21258,3,2,1
21263,21265,3,1,2
21266,21271,6,3,3
21272,21289,18,16,2
21290,21294,5,2,3
21295,21296,2,1,1
21299,21303,5,4,1
21304,21307,4,2,2
21308,21310,3,1,2
21311,21314,4,2,2
21320,21321,2,1,1
21322,21323,2,1,1
21324,21325,2,1,1
21326,21334,9,3,6
21335,21336,2,1,1
21337,21339,3,1,2
21346,21347,2,1,1
21348,21350,3,1,2
21351,21354,4,1,3
21355,21356,2,1,1
21357,21361,5,3,2
21369,21375,7,6,1
21376,21378,3,2,1
21379,21382,4,1,3
21383,21386,4,2,2
21387,21389,3,1,2
21391,21392,2,1,1
21393,21394,2,1,1
21396,21399,4,2,2
21400,21403,4,3,1
21404,21409,6,3,3
21410,21411,2,1,1
21415,21420,6,3,3
21421,21427,7,6,1
21428,21430,3,2,1
21431,21435,5,3,2
21438,21441,4,1,3
21444,21446,3,2,1
21447,21450,4,2,2
21451,21453,3,2,1
21454,21456,3,2,1
21457,21459,3,1,2
21463,21464,2,1,1
21465,21467,3,2,1
21468,21469,2,1,1
21470,21472,3,1,2
21474,21476,3,2,1
21477,21479,3,2,1
21491,21492,2,1,1
21493,21497,5,2,3
21500,21520,21,20,1
21521,21524,4,2,2
21525,21527,3,1,2
21528,21529,2,1,1
21530,21531,2,1,1
21532,21539,8,3,5
21540,21541,2,1,1
21545,21547,3,1,2
21551,21552,2,1,1
21554,21555,2,1,1
21557,21558,2,1,1
21565,21568,4,3,1
21569,21573,5,1,4
21574,21576,3,2,1
21582,21584,3,1,2
21585,21588,4,2,2
21590,21595,6,4,2
21599,21603,5,4,1
21604,21606,3,1,2
21614,21615,2,1,1
21616,21620,5,2,3
21622,21624,3,1,2
21625,21629,5,2,3
21635,21636,2,1,1
21637,21640,4,2,2
21641,21644,4,3,1
21650,21654,5,1,4
21655,21659,5,4,1
21660,21662,3,2,1
21663,21670,8,7,1
21671,21672,2,1,1
21676,21677,2,1,1
21678,21681,4,2,2
21684,21685,2,1,1
21686,21687,2,1,1
21688,21692,5,3,2
21693,21694,2,1,1
21695,21701,7,6,1
21702,21703,2,1,1
21704,21706,3,2,1
21709,21710,2,1,1
21711,21712,2,1,1
21716,21717,2,1,1
21718,21721,4,2,2
21722,21724,3,1,2
21728,21732,5,4,1
21733,21744,12,11,1
21748,21749,2,1,1
21750,21753,4,3,1
21758,21763,6,5,1
21764,21765,2,1,1
21766,21772,7,4,3
21773,21776,4,3,1
21780,21781,2,1,1
21782,21785,4,1,3
21786,21787,2,1,1
21788,21790,3,2,1
21791,21794,4,3,1
21795,21796,2,1,1
21797,21801,5,4,1
21802,21803,2,1,1
21804,21805,2,1,1
21806,21807,2,1,1
21808,21809,2,1,1
21810,21813,4,3,1
21816,21817,2,1,1
21818,21822,5,4,1
21823,21831,9,6,3
21832,21838,7,6,1
21839,21841,3,2,1
21842,21847,6,3,3
21850,21858,9,2,7
21859,21861,3,1,2
21862,21866,5,4,1
21867,21868,2,1,1
21872,21873,2,1,1
21874,21881,8,5,3
21882,21885,4,1,3
21886,21887,2,1,1
21888,21893,6,2,4
21894,21897,4,1,3
21898,21903,6,4,2
21904,21906,3,2,1
21907,21908,2,1,1
21909,21914,6,5,1
21915,21917,3,2,1
21918,21921,4,2,2
21927,21928,2,1,1
21929,21931,3,2,1
21932,21933,2,1,1
21934,21935,2,1,1
21936,21943,8,5,3
21944,21949,6,4,2
21950,21951,2,1,1
21952,21954,3,2,1
21955,21956,2,1,1
21972,21976,5,1,4
21988,21992,5,4,1
21993,21996,4,3,1
22001,22003,3,1,2
22004,22005,2,1,1
22010,22012,3,1,2
22013,22017,5,4,1
22018,22020,3,1,2
22028,22029,2,1,1
22030,22036,7,6,1
22037,22039,3,2,1
22044,22048,5,4,1
22049,22052,4,3,1
22053,22054,2,1,1
22056,22059,4,3,1
22060,22061,2,1,1
22062,22066,5,2,3
22067,22074,8,6,2
22075,22077,3,2,1
22078,22082,5,4,1
22083,22084,2,1,1
22085,22089,5,1,4
22090,22093,4,1,3
22098,22099,2,1,1
22101,22102,2,1,1
22103,22117,15,14,1
22118,22119,2,1,1
22120,22124,5,4,1
22125,22129,5,4,1
22130,22131,2,1,1
22134,22135,2,1,1
22144,22146,3,1,2
22147,22151,5,4,1
22152,22153,2,1,1
22155,22160,6,5,1
22161,22163,3,1,2
22164,22170,7,6,1
22171,22173,3,2,1
22174,22175,2,1,1
22179,22181,3,1,2
22182,22186,5,3,2
22187,22191,5,1,4
22192,22193,2,1,1
22194,22196,3,1,2
22197,22198,2,1,1
22199,22200,2,1,1
22201,22206,6,4,2
22207,22208,2,1,1
22214,22225,12,11,1
22226,22227,2,1,1
22228,22243,16,12,4
22247,22249,3,1,2
22250,22252,3,2,1
22253,22255,3,2,1
22256,22261,6,4,2
22263,22267,5,1,4
22269,22277,9,3,6
22278,22283,6,4,2
22286,22287,2,1,1
22288,22294,7,3,4
22295,22297,3,1,2
22298,22301,4,2,2
22302,22303,2,1,1
22308,22311,4,3,1
22312,22315,4,1,3
22320,22321,2,1,1
22325,22327,3,2,1
22330,22335,6,3,3
22336,22338,3,2,1
22340,22343,4,2,2
22344,22346,3,2,1
22347,22352,6,2,4
22353,22355,3,2,1
22356,22360,5,4,1
22361,22363,3,2,1
22364,22367,4,2,2
22369,22374,6,5,1
22375,22377,3,2,1
22378,22381,4,2,2
22384,22386,3,2,1
22387,22389,3,1,2
22391,22395,5,4,1
22396,22400,5,2,3
22408,22412,5,3,2
22413,22418,6,5,1
22419,22422,4,1,3
22423,22426,4,3,1
22427,22429,3,2,1
22430,22433,4,2,2
22437,22441,5,4,1
22442,22447,6,5,1
22448,22451,4,1,3
22454,22457,4,1,3
22458,22461,4,3,1
22462,22465,4,3,1
22466,22467,2,1,1
22468,22470,3,2,1
22471,22473,3,2,1
22474,22478,5,3,2
22479,22481,3,2,1
22482,22484,3,1,2
22489,22491,3,2,1
22492,22494,3,1,2
22495,22500,6,5,1
22503,22507,5,4,1
22508,22513,6,5,1
22514,22515,2,1,1
22516,22517,2,1,1
22518,22519,2,1,1
22520,22523,4,3,1
22524,22527,4,2,2
22528,22530,3,2,1
22531,22534,4,2,2
22535,22537,3,1,2
22552,22555,4,3,1
22556,22563,8,3,5
22571,22577,7,6,1
22578,22580,3,2,1
22581,22583,3,2,1
22584,22585,2,1,1
22586,22591,6,5,1
22592,22594,3,2,1
22595,22596,2,1,1
22597,22599,3,1,2
22601,22609,9,5,4
22610,22612,3,2,1
22615,22616,2,1,1
22617,22619,3,2,1
22620,22626,7,3,4
22628,22632,5,3,2
22633,22634,2,1,1
22640,22642,3,2,1
22643,22650,8,6,2
22653,22655,3,2,1
22663,22664,2,1,1
22666,22668,3,2,1
22669,22673,5,1,4
22674,22676,3,2,1
22677,22679,3,2,1
22680,22682,3,2,1
22683,22688,6,4,2
22689,22691,3,1,2
22692,22698,7,5,2
22699,22701,3,1,2
22702,22705,4,2,2
22706,22707,2,1,1
22708,22709,2,1,1
22721,22723,3,1,2
22724,22725,2,1,1
22726,22729,4,1,3
22739,22740,2,1,1
22741,22744,4,2,2
22745,22750,6,3,3
22751,22753,3,2,1
22754,22755,2,1,1
22756,22760,5,3,2
22761,22762,2,1,1
22763,22768,6,2,4
22770,22773,4,3,1
22777,22779,3,1,2
22787,22788,2,1,1
22789,22792,4,1,3
22793,22800,8,2,6
22806,22807,2,1,1
22808,22811,4,2,2
22817,22819,3,2,1
22820,22823,4,2,2
22824,22825,2,1,1
22831,22833,3,1,2
22834,22838,5,1,4
22839,22840,2,1,1
22841,22846,6,3,3
22847,22853,7,2,5
22854,22856,3,2,1
22860,22861,2,1,1
22862,22863,2,1,1
22867,22868,2,1,1
22871,22873,3,1,2
22877,22878,2,1,1
22879,22883,5,4,1
22884,22885,2,1,1
22886,22887,2,1,1
22894,22897,4,2,2
22898,22907,10,6,4
22908,22909,2,1,1
22910,22912,3,2,1
22916,22918,3,1,2
22919,22922,4,2,2
22923,22925,3,2,1
22926,22930,5,4,1
22931,22933,3,2,1
22934,22935,2,1,1
22936,22938,3,2,1
22939,22941,3,2,1
22944,22949,6,5,1
22953,22954,2,1,1
22955,22961,7,4,3
22962,22965,4,2,2
22966,22969,4,3,1
22973,22977,5,4,1
22983,22986,4,3,1
22987,22988,2,1,1
22995,22996,2,1,1
22997,22998,2,1,1
22999,23001,3,2,1
23002,23004,3,1,2
23005,23008,4,2,2
23011,23012,2,1,1
23013,23017,5,2,3
23018,23019,2,1,1
23020,23025,6,5,1
23026,23028,3,2,1
23029,23031,3,1,2
23035,23043,9,6,3
23044,23045,2,1,1
23046,23051,6,5,1
23053,23063,11,10,1
23064,23068,5,3,2
23069,23074,6,1,5
23075,23076,2,1,1
23077,23080,4,3,1
23081,23086,6,5,1
23087,23091,5,3,2
23092,23093,2,1,1
23094,23096,3,2,1
23098,23103,6,2,4
23106,23107,2,1,1
23108,23109,2,1,1
23110,23111,2,1,1
23112,23114,3,2,1
23115,23120,6,4,2
23121,23124,4,1,3
23130,23137,8,6,2
23138,23140,3,2,1
23143,23146,4,3,1
23147,23151,5,1,4
23161,23163,3,1,2
23164,23167,4,1,3
23168,23171,4,1,3
23172,23176,5,4,1
23177,23181,5,4,1
23182,23183,2,1,1
23184,23186,3,1,2
23187,23193,7,3,4
23194,23196,3,2,1
23197,23200,4,3,1
23201,23206,6,4,2
23207,23209,3,2,1
23213,23215,3,1,2
23216,23218,3,2,1
23219,23225,7,2,5
23226,23229,4,3,1
23233,23234,2,1,1
23235,23241,7,1,6
23244,23245,2,1,1
23246,23247,2,1,1
23248,23254,7,3,4
23255,23260,6,5,1
23261,23267,7,6,1
23268,23272,5,4,1
23273,23275,3,1,2
23276,23279,4,3,1
23280,23281,2,1,1
23282,23283,2,1,1
23284,23293,10,9,1
23294,23297,4,2,2
23298,23299,2,1,1
23303,23305,3,2,1
23306,23309,4,3,1
23317,23324,8,6,2
23325,23329,5,4,1
23330,23335,6,3,3
23341,23347,7,5,2
23348,23350,3,1,2
23351,23352,2,1,1
23353,23354,2,1,1
23359,23365,7,6,1
23366,23370,5,2,3
23372,23373,2,1,1
23374,23377,4,2,2
23378,23380,3,1,2
23383,23384,2,1,1
23385,23387,3,2,1
23388,23390,3,2,1
23391,23392,2,1,1
23393,23394,2,1,1
23395,23398,4,1,3
23399,23401,3,2,1
23402,23404,3,2,1
23405,23416,12,10,2
23417,23421,5,1,4
23422,23423,2,1,1
23426,23427,2,1,1
23428,23429,2,1,1
23430,23432,3,2,1
23434,23437,4,1,3
23438,23439,2,1,1
23443,23449,7,3,4
23450,23451,2,1,1
23452,23453,2,1,1
23454,23457,4,3,1
23458,23460,3,1,2
23461,23468,8,6,2
23469,23473,5,3,2
23474,23476,3,2,1
23477,23479,3,1,2
23482,23486,5,4,1
23491,23495,5,4,1
23496,23504,9,7,2
23505,23509,5,3,2
23510,23514,5,4,1
23527,23528,2,1,1
23529,23530,2,1,1
23531,23532,2,1,1
23533,23534,2,1,1
23535,23539,5,4,1
23540,23544,5,4,1
23545,23550,6,4,2
23556,23560,5,1,4
23561,23562,2,1,1
23567,23568,2,1,1
23573,23575,3,2,1
23576,23577,2,1,1
23578,23585,8,6,2
23590,23594,5,3,2
23595,23597,3,1,2
23598,23600,3,2,1
23601,23602,2,1,1
23606,23607,2,1,1
23613,23617,5,2,3
23618,23623,6,4,2
23624,23625,2,1,1
23626,23628,3,1,2
23629,23631,3,2,1
23632,23633,2,1,1
23634,23638,5,1,4
23639,23640,2,1,1
23644,23647,4,2,2
23648,23649,2,1,1
23650,23652,3,2,1
23653,23655,3,1,2
23662,23664,3,1,2
23665,23669,5,2,3
23670,23672,3,2,1
23676,23677,2,1,1
23679,23686,8,3,5
23695,23698,4,1,3
23699,23701,3,1,2
23702,23703,2,1,1
23704,23705,2,1,1
23706,23708,3,2,1
23709,23714,6,3,3
23717,23718,2,1,1
23719,23722,4,1,3
23723,23725,3,2,1
23727,23730,4,1,3
23731,23735,5,1,4
23736,23738,3,1,2
23743,23744,2,1,1
23745,23747,3,1,2
23748,23750,3,2,1
23751,23753,3,1,2
23754,23756,3,1,2
23765,23766,2,1,1
23767,23771,5,3,2
23772,23773,2,1,1
23774,23777,4,1,3
23778,23780,3,2,1
23781,23785,5,2,3
23787,23788,2,1,1
23793,23794,2,1,1
23799,23801,3,1,2
23802,23804,3,2,1
23813,23816,4,3,1
23818,23819,2,1,1
23820,23823,4,3,1
23824,23826,3,2,1
23827,23831,5,4,1
23836,23843,8,1,7
23844,23846,3,2,1
23847,23848,2,1,1
23849,23850,2,1,1
23852,23853,2,1,1
23858,23862,5,3,2
23863,23868,6,3,3
23875,23877,3,1,2
23878,23881,4,2,2
23882,23887,6,5,1
23888,23891,4,3,1
23892,23894,3,2,1
23895,23898,4,3,1
23900,23902,3,2,1
23903,23905,3,1,2
23909,23911,3,2,1
23922,23930,9,8,1
23931,23934,4,3,1
23940,23948,9,8,1
23949,23951,3,2,1
23955,23958,4,1,3
23959,23962,4,2,2
23966,23968,3,1,2
23969,23972,4,2,2
23973,23975,3,2,1
23978,23980,3,2,1
23987,23990,4,3,1
23991,23992,2,1,1
23993,23996,4,3,1
24002,24007,6,5,1
24012,24014,3,2,1
24019,24024,6,4,2
24028,24030,3,2,1
24031,24032,2,1,1
24033,24035,3,2,1
24036,24038,3,2,1
24039,24040,2,1,1
24051,24055,5,2,3
24056,24059,4,3,1
24066,24071,6,3,3
24072,24079,8,7,1
24080,24082,3,1,2
24083,24086,4,2,2
24090,24095,6,2,4
24096,24097,2,1,1
24098,24101,4,3,1
24107,24108,2,1,1
24109,24110,2,1,1
24113,24114,2,1,1
24115,24121,7,5,2
24124,24125,2,1,1
24126,24127,2,1,1
24128,24132,5,1,4
24133,24136,4,2,2
24137,24151,15,14,1
24152,24154,3,1,2
24155,24157,3,2,1
24158,24164,7,2,5
24165,24167,3,2,1
24168,24172,5,1,4
24173,24175,3,1,2
24179,24182,4,2,2
24183,24186,4,1,3
24187,24190,4,3,1
24201,24206,6,4,2
24207,24210,4,2,2
24211,24212,2,1,1
24216,24221,6,5,1
24222,24223,2,1,1
24224,24228,5,1,4
24233,24235,3,1,2
24236,24242,7,5,2
24243,24248,6,3,3
24255,24258,4,3,1
24259,24261,3,2,1
24262,24264,3,1,2
24265,24266,2,1,1
24267,24270,4,2,2
24271,24272,2,1,1
24276,24278,3,1,2
24279,24284,6,3,3
24285,24287,3,2,1
24288,24295,8,1,7
24296,24297,2,1,1
24298,24299,2,1,1
24300,24301,2,1,1
24305,24309,5,1,4
24310,24313,4,1,3
24314,24318,5,1,4
24319,24322,4,3,1
24323,24325,3,1,2
24326,24328,3,2,1
24329,24331,3,2,1
24332,24333,2,1,1
24334,24336,3,1,2
24337,24340,4,3,1
24341,24342,2,1,1
24343,24344,2,1,1
24345,24347,3,1,2
24348,24357,10,9,1
24358,24360,3,1,2
24361,24363,3,1,2
24365,24370,6,2,4
24371,24372,2,1,1
24378,24380,3,1,2
24381,24384,4,3,1
24392,24394,3,2,1
24397,24398,2,1,1
24400,24401,2,1,1
24402,24406,5,3,2
24407,24409,3,2,1
24410,24411,2,1,1
24412,24413,2,1,1
24414,24417,4,3,1
24418,24421,4,1,3
24422,24423,2,1,1
24424,24426,3,2,1
24427,24430,4,2,2
24431,24432,2,1,1
24433,24434,2,1,1
24435,24436,2,1,1
24441,24444,4,3,1
24445,24447,3,1,2
24448,24450,3,2,1
24451,24453,3,2,1
24454,24458,5,2,3
24459,24460,2,1,1
24461,24463,3,2,1
24464,24465,2,1,1
24466,24468,3,1,2
24469,24472,4,3,1
24473,24477,5,3,2
24478,24479,2,1,1
24492,24496,5,2,3
24499,24503,5,4,1
24508,24511,4,2,2
24512,24514,3,1,2
24515,24517,3,1,2
24518,24520,3,1,2
24521,24526,6,5,1
24527,24528,2,1,1
24534,24535,2,1,1
24544,24548,5,3,2
24555,24560,6,2,4
24562,24563,2,1,1
24570,24574,5,3,2
24575,24579,5,4,1
24585,24589,5,1,4
24592,24594,3,2,1
24595,24601,7,4,3
24602,24604,3,1,2
24605,24610,6,5,1
24611,24612,2,1,1
24616,24618,3,1,2
24619,24620,2,1,1
24621,24623,3,2,1
24625,24628,4,1,3
24633,24634,2,1,1
24635,24638,4,3,1
24639,24642,4,2,2
24643,24647,5,1,4
24648,24652,5,4,1
24660,24662,3,2,1
24663,24672,10,7,3
24673,24675,3,2,1
24681,24684,4,3,1
24685,24686,2,1,1
24687,24688,2,1,1
24689,24694,6,4,2
24695,24697,3,2,1
24701,24702,2,1,1
24703,24704,2,1,1
24705,24706,2,1,1
24707,24715,9,4,5
24716,24718,3,2,1
24720,24724,5,2,3
24725,24726,2,1,1
24727,24730,4,3,1
24732,24734,3,2,1
24735,24737,3,2,1
24738,24740,3,1,2
24747,24748,2,1,1
24752,24755,4,2,2
24759,24762,4,3,1
24770,24771,2,1,1
24773,24775,3,1,2
24776,24779,4,2,2
24783,24790,8,7,1
24791,24794,4,3,1
24795,24797,3,2,1
24798,24801,4,1,3
24806,24807,2,1,1
24808,24815,8,7,1
24816,24817,2,1,1
24818,24819,2,1,1
24827,24829,3,1,2
24830,24835,6,3,3
24836,24837,2,1,1
24838,24839,2,1,1
24840,24842,3,2,1
24843,24844,2,1,1
24845,24846,2,1,1
24847,24853,7,6,1
24854,24859,6,1,5
24860,24862,3,2,1
24864,24867,4,3,1
24868,24871,4,3,1
24872,24877,6,5,1
24878,24880,3,2,1
24881,24883,3,1,2
24884,24885,2,1,1
24894,24897,4,1,3
24898,24899,2,1,1
24900,24906,7,3,4
24907,24908,2,1,1
24909,24911,3,1,2
24912,24917,6,4,2
24918,24923,6,2,4
24924,24927,4,2,2
24928,24935,8,4,4
24938,24941,4,3,1
24944,24948,5,4,1
24950,24951,2,1,1
24952,24954,3,2,1
24955,24959,5,3,2
24968,24969,2,1,1
24972,24977,6,3,3
24979,24980,2,1,1
24981,24984,4,1,3
24995,24998,4,3,1
24999,25000,2,1,1
25001,25005,5,4,1
25006,25008,3,1,2
25016,25020,5,1,4
25021,25024,4,3,1
25029,25032,4,1,3
25034,25038,5,2,3
25039,25044,6,5,1
25045,25049,5,4,1
25050,25052,3,1,2
25053,25055,3,2,1
25061,25064,4,2,2
25065,25066,2,1,1
25070,25072,3,2,1
25075,25081,7,4,3
25082,25084,3,1,2
25086,25087,2,1,1
25088,25092,5,3,2
25095,25098,4,2,2
25109,25113,5,4,1
25119,25124,6,3,3
25125,25131,7,6,1
25132,25157,26,22,4
25181,25202,22,21,1
25203,25206,4,3,1
25207,25208,2,1,1
25209,25226,18,16,2
25227,25233,7,6,1
25234,25245,12,11,1
25247,25251,5,4,1
25252,25256,5,4,1
25257,25261,5,4,1
25264,25267,4,2,2
25268,25274,7,6,1
25275,25285,11,10,1
25286,25302,17,16,1
25303,25317,15,13,2
25321,25325,5,3,2
25326,25328,3,2,1
25329,25331,3,2,1
25332,25334,3,2,1
25335,25346,12,11,1
25347,25351,5,4,1
25358,25363,6,4,2
25364,25372,9,8,1
25373,25379,7,6,1
25380,25387,8,7,1
25388,25392,5,4,1
25393,25396,4,3,1
25397,25401,5,3,2
25402,25408,7,6,1
25409,25410,2,1,1
25412,25420,9,8,1
25421,25422,2,1,1
25425,25430,6,4,2
25431,25433,3,2,1
25448,25451,4,3,1
25452,25455,4,2,2
25456,25458,3,1,2
25460,25464,5,4,1
25465,25471,7,6,1
25472,25473,2,1,1
25474,25477,4,2,2
25478,25484,7,6,1
25485,25487,3,2,1
25493,25496,4,2,2
25497,25500,4,3,1
25501,25502,2,1,1
25507,25509,3,2,1
25512,25518,7,6,1
25519,25532,14,13,1
25533,25537,5,4,1
25538,25544,7,6,1
25545,25546,2,1,1
25547,25556,10,9,1
25557,25564,8,4,4
25565,25571,7,6,1
25572,25579,8,5,3
25580,25582,3,1,2
25583,25585,3,2,1
25586,25591,6,5,1
25592,25596,5,4,1
25597,25599,3,2,1
25602,25604,3,2,1
25605,25608,4,3,1
25609,25611,3,2,1
25612,25615,4,3,1
25616,25623,8,6,2
25624,25627,4,3,1
25628,25642,15,14,1
25643,25651,9,8,1
25652,25654,3,2,1
25658,25671,14,12,2
25672,25679,8,5,3
25680,25681,2,1,1
25682,25683,2,1,1
25684,25685,2,1,1
25686,25692,7,6,1
25693,25695,3,1,2
25696,25698,3,1,2
25699,25701,3,2,1
25702,25712,11,9,2
25713,25717,5,4,1
25719,25724,6,5,1
25725,25726,2,1,1
25732,25734,3,2,1
25735,25739,5,4,1
25740,25742,3,2,1
25743,25748,6,3,3
25749,25756,8,6,2
25757,25761,5,4,1
25762,25767,6,2,4
25768,25775,8,6,2
25776,25778,3,2,1
25781,25783,3,2,1
25784,25788,5,4,1
25789,25791,3,2,1
25792,25797,6,5,1
25798,25800,3,1,2
25801,25802,2,1,1
25803,25808,6,5,1
25809,25810,2,1,1
25811,25815,5,4,1
25816,25817,2,1,1
25818,25822,5,4,1
25823,25831,9,6,3
25832,25844,13,10,3
25850,25858,9,8,1
25859,25867,9,8,1
25868,25875,8,7,1
25876,25879,4,3,1
25880,25886,7,6,1
25887,25893,7,6,1
25894,25897,4,2,2
25898,25901,4,3,1
25902,25916,15,13,2
25917,25921,5,3,2
25925,25926,2,1,1
25928,25930,3,1,2
25931,25937,7,6,1
25938,25939,2,1,1
25940,25947,8,7,1
25948,25952,5,2,3
25953,25957,5,4,1
25965,25976,12,11,1
25977,25982,6,5,1
25983,25984,2,1,1
25985,25994,10,9,1
25995,25998,4,1,3
25999,26002,4,2,2
26003,26006,4,3,1
26020,26023,4,2,2
26024,26027,4,2,2
26028,26031,4,2,2
26032,26034,3,2,1
26035,26040,6,5,1
26041,26050,10,9,1
26051,26057,7,6,1
26058,26065,8,7,1
26066,26071,6,2,4
26072,26073,2,1,1
26074,26077,4,2,2
26078,26079,2,1,1
26080,26086,7,6,1
26087,26089,3,1,2
26095,26107,13,10,3
26108,26111,4,3,1
26112,26114,3,1,2
26115,26138,24,23,1
26139,26146,8,7,1
26147,26149,3,2,1
26150,26153,4,3,1
26154,26159,6,5,1
26160,26161,2,1,1
26162,26165,4,2,2
26166,26168,3,2,1
26169,26180,12,10,2
26181,26183,3,2,1
26185,26188,4,3,1
26190,26191,2,1,1
26192,26196,5,4,1
26197,26199,3,2,1
26200,26203,4,3,1
26204,26205,2,1,1
26206,26208,3,2,1
26209,26219,11,10,1
26220,26221,2,1,1
26222,26228,7,6,1
26229,26230,2,1,1
26231,26238,8,7,1
26239,26241,3,2,1
26242,26244,3,2,1
26245,26247,3,2,1
26255,26256,2,1,1
26257,26261,5,4,1
26262,26268,7,5,2
26271,26276,6,2,4
26277,26280,4,2,2
26283,26293,11,10,1
26300,26309,10,9,1
26310,26311,2,1,1
26312,26315,4,2,2
26316,26320,5,4,1
26321,26326,6,5,1
26327,26330,4,2,2
26331,26333,3,2,1
26334,26340,7,6,1
26344,26349,6,5,1
26350,26351,2,1,1
26352,26356,5,2,3
26357,26360,4,2,2
26361,26378,18,16,2
26379,26382,4,1,3
26395,26396,2,1,1
26397,26400,4,1,3
26401,26402,2,1,1
26403,26404,2,1,1
26405,26407,3,1,2
26408,26413,6,5,1
26415,26420,6,5,1
26421,26425,5,4,1
26426,26431,6,4,2
26437,26441,5,4,1
26454,26455,2,1,1
26456,26458,3,2,1
26459,26461,3,1,2
26462,26467,6,5,1
26468,26469,2,1,1
26491,26497,7,6,1
26498,26500,3,2,1
26509,26510,2,1,1
26511,26513,3,2,1
26514,26524,11,10,1
26529,26530,2,1,1
26532,26535,4,1,3
26536,26547,12,11,1
26548,26558,11,10,1
26564,26566,3,2,1
26567,26573,7,6,1
26574,26577,4,2,2
26578,26580,3,2,1
26583,26585,3,2,1
26586,26590,5,3,2
26591,26595,5,4,1
26596,26598,3,2,1
26599,26601,3,2,1
26602,26604,3,2,1
26605,26607,3,2,1
26608,26614,7,6,1
26615,26619,5,3,2
26620,26622,3,1,2
26623,26625,3,2,1
26626,26630,5,4,1
26631,26638,8,6,2
26639,26643,5,2,3
26644,26645,2,1,1
26646,26649,4,3,1
26652,26659,8,7,1
26660,26662,3,2,1
26663,26664,2,1,1
26665,26670,6,5,1
26671,26681,11,9,2
26684,26685,2,1,1
26686,26688,3,1,2
26689,26693,5,4,1
26704,26717,14,13,1
26724,26731,8,7,1
26732,26736,5,4,1
26737,26744,8,7,1
26745,26751,7,6,1
26752,26753,2,1,1
26757,26764,8,7,1
26765,26769,5,4,1
26777,26778,2,1,1
26781,26783,3,2,1
26784,26791,8,7,1
26793,26794,2,1,1
26795,26797,3,2,1
26798,26802,5,4,1
26803,26810,8,7,1
26811,26814,4,3,1
26815,26820,6,5,1
26821,26823,3,2,1
26824,26825,2,1,1
26838,26841,4,3,1
26846,26850,5,4,1
26851,26853,3,2,1
26854,26858,5,2,3
26859,26861,3,2,1
26862,26866,5,4,1
26867,26872,6,5,1
26873,26881,9,8,1
26882,26883,2,1,1
26884,26889,6,4,2
26890,26895,6,5,1
26896,26898,3,1,2
26899,26904,6,3,3
26905,26910,6,5,1
26915,26931,17,12,5
26932,26936,5,4,1
26937,26946,10,9,1
26947,26952,6,5,1
26953,26954,2,1,1
26955,26956,2,1,1
26957,26959,3,2,1
26960,26962,3,1,2
26963,26967,5,3,2
26972,26978,7,6,1
26979,26982,4,3,1
26993,26996,4,3,1
27001,27004,4,2,2
27005,27007,3,1,2
27008,27010,3,2,1
27011,27020,10,8,2
27021,27023,3,2,1
27024,27035,12,11,1
27036,27037,2,1,1
27038,27041,4,3,1
27042,27046,5,3,2
27047,27050,4,3,1
27051,27063,13,12,1
27064,27065,2,1,1
27066,27068,3,2,1
27069,27073,5,4,1
27074,27075,2,1,1
27076,27078,3,1,2
27085,27088,4,3,1
27093,27094,2,1,1
27095,27102,8,7,1
27103,27104,2,1,1
27105,27110,6,3,3
27115,27116,2,1,1
27117,27133,17,16,1
27134,27138,5,1,4
27139,27141,3,2,1
27142,27144,3,2,1
27145,27147,3,2,1
27148,27153,6,5,1
27154,27158,5,3,2
27160,27165,6,4,2
27166,27167,2,1,1
27168,27169,2,1,1
27170,27173,4,2,2
27178,27179,2,1,1
27180,27183,4,3,1
27184,27188,5,3,2
27189,27195,7,6,1
27196,27199,4,3,1
27200,27203,4,1,3
27204,27207,4,1,3
27208,27212,5,3,2
27213,27217,5,4,1
27218,27220,3,1,2
27225,27227,3,1,2
27231,27234,4,2,2
27235,27242,8,6,2
27243,27244,2,1,1
27245,27249,5,4,1
27250,27251,2,1,1
27253,27259,7,6,1
27260,27262,3,1,2
27263,27268,6,3,3
27269,27273,5,4,1
27274,27282,9,7,2
27287,27289,3,2,1
27290,27294,5,2,3
27295,27302,8,7,1
27303,27307,5,3,2
27308,27310,3,2,1
27311,27312,2,1,1
27313,27315,3,2,1
27321,27323,3,2,1
27324,27326,3,2,1
27327,27336,10,7,3
27337,27341,5,4,1
27342,27347,6,2,4
27348,27352,5,4,1
27353,27355,3,2,1
27356,27358,3,2,1
27359,27361,3,2,1
27363,27365,3,1,2
27366,27367,2,1,1
27368,27370,3,2,1
27371,27378,8,7,1
27379,27382,4,2,2
27383,27386,4,3,1
27387,27390,4,3,1
27391,27394,4,3,1
27395,27398,4,3,1
27399,27401,3,2,1
27413,27415,3,1,2
27416,27418,3,2,1
27419,27429,11,5,6
27437,27438,2,1,1
27439,27440,2,1,1
27441,27442,2,1,1
27443,27444,2,1,1
27445,27452,8,6,2
27453,27455,3,2,1
27456,27459,4,3,1
27460,27465,6,3,3
27469,27470,2,1,1
27471,27475,5,4,1
27476,27479,4,2,2
27480,27486,7,4,3
27488,27492,5,3,2
27493,27505,13,12,1
27506,27508,3,1,2
27509,27517,9,8,1
27518,27522,5,4,1
27523,27530,8,7,1
27531,27538,8,7,1
27539,27543,5,2,3
27544,27547,4,2,2
27549,27551,3,2,1
27552,27555,4,3,1
27558,27563,6,5,1
27564,27566,3,1,2
27567,27570,4,3,1
27579,27581,3,1,2
27582,27586,5,4,1
27592,27595,4,2,2
27596,27597,2,1,1
27598,27601,4,3,1
27602,27604,3,2,1
27605,27612,8,5,3
27616,27617,2,1,1
27618,27619,2,1,1
27620,27633,14,13,1
27634,27635,2,1,1
27636,27638,3,1,2
27639,27644,6,5,1
27645,27648,4,2,2
27649,27650,2,1,1
27651,27656,6,5,1
27657,27658,2,1,1
27659,27668,10,8,2
27669,27673,5,2,3
27674,27675,2,1,1
27676,27678,3,2,1
27679,27683,5,4,1
27684,27687,4,3,1
27688,27691,4,3,1
27692,27694,3,2,1
27695,27699,5,4,1
27700,27701,2,1,1
27703,27704,2,1,1
27717,27723,7,6,1
27724,27726,3,2,1
27727,27730,4,3,1
27732,27736,5,3,2
27738,27739,2,1,1
27740,27745,6,4,2
27746,27750,5,4,1
27751,27757,7,6,1
27758,27764,7,5,2
27765,27766,2,1,1
27767,27769,3,1,2
27775,27784,10,8,2
27785,27790,6,5,1
27791,27798,8,7,1
27803,27807,5,3,2
27808,27809,2,1,1
27810,27814,5,1,4
27815,27822,8,7,1
27823,27825,3,1,2
27826,27830,5,4,1
27831,27833,3,2,1
27839,27840,2,1,1
27847,27848,2,1,1
27851,27853,3,2,1
27855,27857,3,2,1
27858,27863,6,4,2
27866,27872,7,4,3
27876,27879,4,3,1
27880,27881,2,1,1
27882,27885,4,3,1
27892,27894,3,2,1
27895,27896,2,1,1
27897,27902,6,5,1
27903,27905,3,1,2
27906,27907,2,1,1
27908,27911,4,3,1
27912,27913,2,1,1
27917,27918,2,1,1
27919,27921,3,2,1
27922,27925,4,3,1
27926,27927,2,1,1
27928,27929,2,1,1
27930,27933,4,1,3
27934,27938,5,4,1
27939,27942,4,3,1
27943,27955,13,12,1
27956,27961,6,5,1
27962,27966,5,4,1
27967,27970,4,3,1
27971,27974,4,1,3
27975,27976,2,1,1
27977,27984,8,5,3
27985,27987,3,2,1
27988,27992,5,4,1
27993,27997,5,3,2
27998,27999,2,1,1
28000,28003,4,3,1
28006,28013,8,6,2
28016,28021,6,5,1
28024,28037,14,13,1
28038,28039,2,1,1
28044,28046,3,2,1
28047,28053,7,6,1
28054,28057,4,3,1
28058,28060,3,2,1
28061,28065,5,4,1
28067,28070,4,3,1
28071,28072,2,1,1
28073,28077,5,2,3
28078,28079,2,1,1
28080,28081,2,1,1
28082,28083,2,1,1
28084,28088,5,4,1
28090,28093,4,3,1
28094,28097,4,1,3
28098,28101,4,2,2
28102,28107,6,5,1
28108,28111,4,2,2
28112,28116,5,4,1
28117,28120,4,3,1
28121,28122,2,1,1
28123,28128,6,3,3
28130,28131,2,1,1
28132,28134,3,1,2
28135,28140,6,4,2
28146,28151,6,5,1
28152,28153,2,1,1
28154,28159,6,5,1
28165,28168,4,3,1
28169,28175,7,6,1
28176,28177,2,1,1
28178,28179,2,1,1
28180,28189,10,9,1
28190,28191,2,1,1
28192,28195,4,3,1
28196,28200,5,3,2
28201,28207,7,5,2
28208,28212,5,4,1
28213,28218,6,5,1
28222,28223,2,1,1
28227,28230,4,1,3
28234,28238,5,3,2
28239,28241,3,2,1
28242,28244,3,1,2
28245,28247,3,2,1
28248,28250,3,2,1
28251,28254,4,2,2
28259,28260,2,1,1
28261,28265,5,4,1
28266,28273,8,7,1
28274,28283,10,8,2
28284,28288,5,4,1
28302,28313,12,11,1
28314,28316,3,2,1
28320,28322,3,2,1
28323,28327,5,3,2
28328,28329,2,1,1
28330,28331,2,1,1
28332,28333,2,1,1
28334,28341,8,6,2
28342,28343,2,1,1
28346,28351,6,3,3
28352,28354,3,1,2
28355,28356,2,1,1
28357,28358,2,1,1
28359,28360,2,1,1
28361,28362,2,1,1
28363,28367,5,3,2
28371,28376,6,3,3
28377,28380,4,3,1
28381,28387,7,2,5
28394,28399,6,4,2
28400,28405,6,1,5
28406,28411,6,4,2
28412,28413,2,1,1
28414,28415,2,1,1
28416,28418,3,1,2
28419,28421,3,2,1
28424,28425,2,1,1
28426,28429,4,3,1
28430,28431,2,1,1
28432,28436,5,4,1
28437,28439,3,1,2
28440,28442,3,2,1
28443,28444,2,1,1
28445,28448,4,1,3
28449,28453,5,3,2
28458,28460,3,1,2
28463,28466,4,3,1
28467,28472,6,5,1
28473,28479,7,6,1
28480,28481,2,1,1
28486,28492,7,5,2
28493,28496,4,3,1
28497,28504,8,7,1
28505,28507,3,1,2
28508,28523,16,15,1
28524,28527,4,3,1
28528,28533,6,1,5
28534,28535,2,1,1
28536,28545,10,9,1
28546,28547,2,1,1
28548,28549,2,1,1
28551,28553,3,2,1
28556,28557,2,1,1
28558,28570,13,12,1
28571,28573,3,1,2
28574,28576,3,2,1
28580,28581,2,1,1
28582,28583,2,1,1
28584,28585,2,1,1
28586,28589,4,3,1
28594,28601,8,7,1
28611,28619,9,8,1
28620,28624,5,4,1
28628,28629,2,1,1
28634,28637,4,3,1
28638,28644,7,4,3
28645,28646,2,1,1
28647,28649,3,2,1
28650,28653,4,1,3
28654,28655,2,1,1
28656,28666,11,10,1
28667,28670,4,3,1
28672,28673,2,1,1
28674,28677,4,2,2
28680,28682,3,1,2
28683,28690,8,7,1
28691,28692,2,1,1
28693,28697,5,4,1
28698,28702,5,4,1
28703,28706,4,3,1
28707,28708,2,1,1
28721,28724,4,3,1
28725,28726,2,1,1
28727,28728,2,1,1
28730,28734,5,3,2
28736,28737,2,1,1
28738,28741,4,3,1
28742,28745,4,3,1
28748,28756,9,8,1
28757,28759,3,1,2
28762,28764,3,2,1
28765,28767,3,2,1
28768,28770,3,1,2
28771,28772,2,1,1
28777,28787,11,9,2
28788,28790,3,2,1
28791,28794,4,2,2
28798,28800,3,1,2
28801,28811,11,9,2
28814,28816,3,2,1
28817,28818,2,1,1
28819,28829,11,10,1
28830,28831,2,1,1
28832,28835,4,3,1
28839,28841,3,2,1
28844,28845,2,1,1
28846,28850,5,4,1
28854,28860,7,3,4
28861,28864,4,3,1
28865,28867,3,2,1
28868,28872,5,4,1
28873,28882,10,9,1
28883,28885,3,2,1
28886,28889,4,3,1
28890,28893,4,2,2
28894,28895,2,1,1
28898,28904,7,4,3
28905,28921,17,16,1
28922,28924,3,1,2
28927,28931,5,2,3
28932,28934,3,2,1
28943,28946,4,3,1
28947,28952,6,5,1
28953,28954,2,1,1
28955,28960,6,5,1
28965,28970,6,5,1
28971,28974,4,3,1
28975,28976,2,1,1
28977,28981,5,4,1
28982,28990,9,6,3
28992,29001,10,8,2
29006,29012,7,6,1
29013,29021,9,8,1
29022,29027,6,4,2
29028,29031,4,3,1
29032,29035,4,3,1
29036,29037,2,1,1
29038,29039,2,1,1
29040,29042,3,1,2
29043,29045,3,1,2
29046,29047,2,1,1
29048,29052,5,3,2
29054,29056,3,2,1
29057,29061,5,3,2
29062,29066,5,4,1
29067,29072,6,4,2
29073,29077,5,4,1
29080,29083,4,3,1
29084,29088,5,3,2
29089,29092,4,3,1
29093,29096,4,2,2
29097,29100,4,3,1
29101,29106,6,4,2
29107,29112,6,3,3
29116,29117,2,1,1
29118,29122,5,3,2
29123,29127,5,2,3
29128,29130,3,1,2
29132,29134,3,2,1
29135,29138,4,3,1
29139,29140,2,1,1
29141,29142,2,1,1
29143,29145,3,2,1
29146,29149,4,3,1
29150,29153,4,1,3
29158,29160,3,1,2
29161,29163,3,2,1
29164,29166,3,2,1
29167,29173,7,5,2
29174,29176,3,2,1
29177,29180,4,2,2
29181,29183,3,2,1
29184,29187,4,3,1
29188,29191,4,3,1
29192,29193,2,1,1
29194,29195,2,1,1
29196,29197,2,1,1
29198,29200,3,1,2
29202,29203,2,1,1
29204,29207,4,1,3
29208,29210,3,2,1
29211,29213,3,1,2
29214,29217,4,3,1
29218,29219,2,1,1
29220,29222,3,2,1
29223,29226,4,3,1
29227,29228,2,1,1
29229,29234,6,5,1
29235,29241,7,4,3
29242,29243,2,1,1
29253,29256,4,3,1
29257,29260,4,3,1
29261,29264,4,3,1
29265,29269,5,3,2
29270,29274,5,4,1
29277,29285,9,8,1
29286,29288,3,2,1
29289,29290,2,1,1
29298,29301,4,3,1
29302,29305,4,2,2
29306,29308,3,1,2
29309,29319,11,10,1
29320,29325,6,5,1
29331,29333,3,2,1
29339,29340,2,1,1
29341,29345,5,4,1
29348,29350,3,1,2
29351,29353,3,2,1
29354,29355,2,1,1
29356,29360,5,4,1
29361,29363,3,2,1
29364,29365,2,1,1
29368,29372,5,2,3
29373,29378,6,5,1
29379,29385,7,5,2
29391,29395,5,4,1
29396,29401,6,2,4
29402,29405,4,3,1
29415,29418,4,2,2
29419,29422,4,2,2
29423,29433,11,9,2
29436,29442,7,4,3
29443,29445,3,2,1
29447,29451,5,4,1
29461,29463,3,2,1
29464,29466,3,2,1
29467,29468,2,1,1
29469,29471,3,2,1
29478,29479,2,1,1
29484,29489,6,5,1
29490,29491,2,1,1
29492,29493,2,1,1
29494,29501,8,7,1
29502,29504,3,2,1
29505,29506,2,1,1
29507,29511,5,4,1
29512,29513,2,1,1
29514,29519,6,4,2
29520,29522,3,2,1
29523,29526,4,3,1
29527,29528,2,1,1
29529,29533,5,2,3
29534,29539,6,5,1
29549,29550,2,1,1
29551,29555,5,4,1
29567,29570,4,3,1
29571,29579,9,8,1
29580,29581,2,1,1
29582,29583,2,1,1
29584,29587,4,2,2
29588,29592,5,4,1
29593,29605,13,8,5
29606,29609,4,2,2
29610,29613,4,3,1
29614,29622,9,7,2
29627,29628,2,1,1
29637,29640,4,3,1
29641,29646,6,4,2
29647,29648,2,1,1
29649,29651,3,2,1
29652,29654,3,2,1
29655,29656,2,1,1
29657,29659,3,2,1
29660,29663,4,3,1
29665,29669,5,3,2
29670,29675,6,1,5
29683,29686,4,2,2
29692,29694,3,2,1
29697,29700,4,3,1
29701,29703,3,2,1
29704,29709,6,5,1
29710,29716,7,6,1
29717,29721,5,3,2
29722,29723,2,1,1
29724,29726,3,2,1
29727,29728,2,1,1
29729,29730,2,1,1
29731,29733,3,2,1
29734,29739,6,5,1
29741,29746,6,5,1
29750,29751,2,1,1
29752,29755,4,3,1
29756,29759,4,2,2
29760,29764,5,3,2
29768,29770,3,2,1
29771,29774,4,3,1
29775,29779,5,4,1
29780,29785,6,5,1
29786,29790,5,3,2
29796,29801,6,5,1
29803,29807,5,3,2
29810,29819,10,7,3
29826,29828,3,2,1
29833,29837,5,4,1
29848,29851,4,2,2
29852,29860,9,8,1
29861,29864,4,3,1
29868,29872,5,3,2
29873,29876,4,2,2
29877,29883,7,5,2
29884,29889,6,4,2
29890,29892,3,1,2
29893,29901,9,8,1
29902,29907,6,4,2
29908,29910,3,2,1
29911,29915,5,2,3
29916,29917,2,1,1
29918,29922,5,4,1
29923,29924,2,1,1
29930,29933,4,3,1
29934,29938,5,4,1
29939,29940,2,1,1
29941,29942,2,1,1
29944,29945,2,1,1
29946,29949,4,3,1
29950,29954,5,4,1
29962,29966,5,3,2
29967,29968,2,1,1
29969,29974,6,3,3
29975,29978,4,3,1
29979,29981,3,2,1
29982,29989,8,7,1
29991,29998,8,7,1
29999,30007,9,8,1
30008,30010,3,2,1
30011,30012,2,1,1
30013,30015,3,1,2
30026,30034,9,5,4
30035,30037,3,1,2
30038,30042,5,4,1
30045,30046,2,1,1
30052,30054,3,2,1
30055,30059,5,3,2
30060,30062,3,2,1
30063,30067,5,4,1
30068,30070,3,2,1
30071,30078,8,6,2
30079,30083,5,4,1
30084,30086,3,2,1
30087,30088,2,1,1
30089,30091,3,1,2
30095,30097,3,2,1
30098,30100,3,1,2
30101,30104,4,3,1
30107,30112,6,4,2
30122,30125,4,3,1
30129,30130,2,1,1
30132,30134,3,1,2
30135,30140,6,5,1
30141,30142,2,1,1
30143,30144,2,1,1
30149,30152,4,3,1
30153,30156,4,2,2
30157,30158,2,1,1
30159,30163,5,4,1
30165,30176,12,10,2
30182,30186,5,4,1
30187,30195,9,8,1
30199,30200,2,1,1
30203,30207,5,4,1
30208,30220,13,12,1
30223,30224,2,1,1
30225,30230,6,4,2
30231,30232,2,1,1
30233,30235,3,2,1
30236,30237,2,1,1
30238,30243,6,5,1
30245,30248,4,3,1
30249,30252,4,3,1
30253,30256,4,3,1
30257,30258,2,1,1
30259,30263,5,4,1
30264,30266,3,2,1
30268,30269,2,1,1
30270,30275,6,5,1
30276,30282,7,5,2
30283,30288,6,4,2
30289,30290,2,1,1
30291,30297,7,2,5
30298,30306,9,7,2
30307,30309,3,1,2
30317,30319,3,2,1
30320,30326,7,6,1
30340,30342,3,2,1
30343,30347,5,3,2
30354,30356,3,1,2
30357,30360,4,3,1
30361,30364,4,3,1
30366,30369,4,3,1
30371,30372,2,1,1
30373,30374,2,1,1
30375,30376,2,1,1
30377,30380,4,3,1
30381,30383,3,2,1
30384,30387,4,3,1
30388,30390,3,2,1
30391,30393,3,2,1
30396,30402,7,6,1
30403,30405,3,2,1
30408,30417,10,9,1
30418,30421,4,3,1
30427,30430,4,2,2
30431,30433,3,2,1
30441,30443,3,2,1
30444,30445,2,1,1
30446,30447,2,1,1
30448,30452,5,4,1
30453,30455,3,1,2
30456,30458,3,1,2
30459,30460,2,1,1
30461,30463,3,2,1
30464,30469,6,5,1
30471,30474,4,2,2
30475,30476,2,1,1
30477,30480,4,2,2
30481,30482,2,1,1
30483,30492,10,7,3
30493,30498,6,3,3
30513,30515,3,1,2
30522,30524,3,1,2
30525,30528,4,1,3
30529,30532,4,2,2
30533,30536,4,3,1
30540,30542,3,2,1
30547,30550,4,1,3
30551,30555,5,4,1
30556,30559,4,3,1
30560,30562,3,2,1
30563,30564,2,1,1
30565,30567,3,1,2
30568,30575,8,6,2
30577,30578,2,1,1
30580,30582,3,2,1
30583,30591,9,8,1
30592,30593,2,1,1
30596,30597,2,1,1
30598,30599,2,1,1
30600,30601,2,1,1
30602,30614,13,10,3
30615,30620,6,3,3
30621,30628,8,4,4
30629,30633,5,4,1
30634,30642,9,8,1
30643,30646,4,3,1
30647,30649,3,2,1
30652,30656,5,4,1
30657,30658,2,1,1
30661,30663,3,2,1
30664,30666,3,2,1
30676,30679,4,2,2
30680,30684,5,3,2
30685,30690,6,5,1
30691,30695,5,4,1
30705,30708,4,3,1
30709,30712,4,3,1
30714,30716,3,1,2
30717,30718,2,1,1
30719,30722,4,2,2
30723,30735,13,12,1
30736,30738,3,2,1
30739,30741,3,2,1
30742,30748,7,5,2
30749,30754,6,4,2
30770,30771,2,1,1
30774,30775,2,1,1
30776,30782,7,6,1
30783,30784,2,1,1
30785,30788,4,3,1
30789,30790,2,1,1
30792,30793,2,1,1
30794,30808,15,14,1
30809,30811,3,2,1
30815,30817,3,2,1
30818,30819,2,1,1
30826,30831,6,2,4
30832,30834,3,2,1
30835,30841,7,4,3
30842,30844,3,2,1
30845,30849,5,4,1
30851,30852,2,1,1
30853,30854,2,1,1
30872,30878,7,6,1
30885,30886,2,1,1
30896,30902,7,4,3
30909,30912,4,3,1
30917,30918,2,1,1
30920,30921,2,1,1
30922,30923,2,1,1
30924,30927,4,3,1
30931,30933,3,2,1
30934,30935,2,1,1
30941,30943,3,2,1
30944,30949,6,4,2
30950,30952,3,2,1
30953,30955,3,2,1
30964,30971,8,7,1
30972,30973,2,1,1
30974,30977,4,3,1
30978,30980,3,1,2
30981,30984,4,3,1
30985,30987,3,2,1
30988,30989,2,1,1
30993,30995,3,2,1
30996,30998,3,2,1
31003,31006,4,3,1
31007,31008,2,1,1
31009,31011,3,1,2
31012,31014,3,2,1
31018,31022,5,1,4
31023,31024,2,1,1
31025,31028,4,2,2
31032,31035,4,3,1
31036,31038,3,2,1
31039,31046,8,7,1
31047,31053,7,5,2
31054,31055,2,1,1
31056,31059,4,2,2
31061,31064,4,2,2
31065,31066,2,1,1
31067,31071,5,3,2
31072,31075,4,3,1
31076,31077,2,1,1
31078,31081,4,3,1
31087,31091,5,3,2
31092,31098,7,6,1
31099,31104,6,5,1
31105,31107,3,2,1
31112,31114,3,1,2
31117,31118,2,1,1
31119,31125,7,6,1
31126,31131,6,5,1
31134,31138,5,4,1
31139,31141,3,2,1
31142,31144,3,2,1
31145,31147,3,2,1
31156,31157,2,1,1
31158,31162,5,1,4
31163,31165,3,1,2
31167,31168,2,1,1
31169,31170,2,1,1
31171,31174,4,3,1
31175,31181,7,5,2
31182,31183,2,1,1
31184,31189,6,5,1
31190,31196,7,4,3
31197,31198,2,1,1
31199,31200,2,1,1
31201,31202,2,1,1
31203,31205,3,2,1
31206,31210,5,2,3
31212,31215,4,3,1
31216,31226,11,10,1
31227,31233,7,5,2
31246,31248,3,1,2
31249,31255,7,4,3
31256,31263,8,7,1
31264,31269,6,5,1
31270,31273,4,2,2
31274,31275,2,1,1
31276,31278,3,2,1
31279,31281,3,1,2
31282,31284,3,1,2
31287,31290,4,3,1
31291,31294,4,3,1
31295,31297,3,2,1
31298,31299,2,1,1
31300,31306,7,6,1
31307,31308,2,1,1
31309,31312,4,3,1
31313,31316,4,3,1
31317,31319,3,2,1
31320,31323,4,3,1
31324,31335,12,8,4
31336,31338,3,1,2
31342,31343,2,1,1
31344,31346,3,2,1
31350,31352,3,2,1
31353,31359,7,6,1
31360,31364,5,1,4
31367,31368,2,1,1
31369,31372,4,3,1
31374,31375,2,1,1
31376,31377,2,1,1
31380,31382,3,2,1
31390,31393,4,1,3
31394,31396,3,2,1
31397,31400,4,3,1
31401,31408,8,7,1
31415,31418,4,2,2
31423,31427,5,3,2
31428,31431,4,2,2
31432,31437,6,4,2
31438,31439,2,1,1
31443,31445,3,1,2
31453,31454,2,1,1
31457,31459,3,2,1
31463,31470,8,7,1
31471,31474,4,1,3
31475,31477,3,2,1
31478,31480,3,2,1
31481,31487,7,6,1
31488,31489,2,1,1
31490,31491,2,1,1
31492,31497,6,5,1
31501,31502,2,1,1
31503,31505,3,2,1
31512,31521,10,8,2
31522,31523,2,1,1
31524,31526,3,1,2
31527,31531,5,3,2
31532,31535,4,3,1
31536,31540,5,2,3
31543,31547,5,4,1
31548,31551,4,3,1
31552,31553,2,1,1
31554,31555,2,1,1
31556,31560,5,4,1
31561,31562,2,1,1
31565,31567,3,2,1
31568,31572,5,3,2
31573,31577,5,4,1
31578,31582,5,4,1
31583,31586,4,3,1
31589,31591,3,1,2
31594,31598,5,4,1
31603,31608,6,4,2
31612,31614,3,2,1
31615,31619,5,4,1
31620,31621,2,1,1
31622,31624,3,1,2
31627,31628,2,1,1
31629,31632,4,3,1
31639,31641,3,1,2
31642,31645,4,3,1
31646,31647,2,1,1
31651,31653,3,2,1
31658,31660,3,2,1
31664,31665,2,1,1
31666,31669,4,2,2
31670,31671,2,1,1
31676,31682,7,6,1
31683,31685,3,2,1
31689,31690,2,1,1
31694,31696,3,2,1
31697,31699,3,2,1
31700,31701,2,1,1
31706,31708,3,2,1
31721,31724,4,3,1
31725,31727,3,2,1
31738,31740,3,1,2
31741,31742,2,1,1
31746,31748,3,1,2
31749,31753,5,3,2
31755,31756,2,1,1
31761,31762,2,1,1
31763,31765,3,2,1
31771,31775,5,3,2
31776,31777,2,1,1
31778,31781,4,3,1
31788,31791,4,3,1
31793,31794,2,1,1
31795,31807,13,11,2
31808,31811,4,3,1
31812,31816,5,4,1
31817,31820,4,3,1
31838,31844,7,6,1
31845,31851,7,5,2
31852,31854,3,2,1
31855,31857,3,2,1
31859,31860,2,1,1
31863,31865,3,2,1
31866,31867,2,1,1
31868,31875,8,7,1
31876,31879,4,2,2
31886,31887,2,1,1
31888,31890,3,2,1
31897,31901,5,4,1
31902,31906,5,2,3
31907,31909,3,2,1
31914,31919,6,5,1
31924,31928,5,4,1
31929,31934,6,4,2
31935,31939,5,4,1
31940,31946,7,5,2
31947,31950,4,3,1
31951,31954,4,3,1
31955,31957,3,2,1
31958,31961,4,1,3
31962,31965,4,3,1
31966,31968,3,2,1
31970,31975,6,4,2
31976,31989,14,13,1
31990,31992,3,1,2
31993,31994,2,1,1
32000,32002,3,2,1
32003,32005,3,1,2
32008,32009,2,1,1
32010,32011,2,1,1
32012,32013,2,1,1
32014,32026,13,11,2
32027,32030,4,3,1
32031,32033,3,2,1
32038,32043,6,1,5
32044,32046,3,1,2
32055,32059,5,3,2
32069,32070,2,1,1
32071,32080,10,9,1
32081,32083,3,2,1
32084,32091,8,7,1
32092,32095,4,1,3
32096,32097,2,1,1
32098,32100,3,2,1
32104,32107,4,3,1
32108,32110,3,2,1
32111,32114,4,2,2
32115,32120,6,5,1
32126,32127,2,1,1
32128,32133,6,4,2
32134,32136,3,2,1
32137,32139,3,1,2
32140,32141,2,1,1
32149,32151,3,2,1
32152,32156,5,2,3
32157,32158,2,1,1
32159,32161,3,2,1
32163,32165,3,2,1
32166,32170,5,4,1
32179,32181,3,2,1
32182,32187,6,5,1
32188,32189,2,1,1
32190,32194,5,4,1
32195,32200,6,5,1
32201,32203,3,2,1
32204,32206,3,1,2
32211,32215,5,1,4
32216,32221,6,4,2
32222,32229,8,7,1
32230,32235,6,5,1
32236,32239,4,3,1
32240,32248,9,3,6
32249,32254,6,5,1
32255,32258,4,3,1
32259,32264,6,5,1
32268,32271,4,3,1
32272,32273,2,1,1
32278,32287,10,5,5
32288,32289,2,1,1
32290,32292,3,1,2
32293,32295,3,1,2
32296,32299,4,2,2
32300,32309,10,9,1
32310,32311,2,1,1
32313,32315,3,2,1
32316,32317,2,1,1
32318,32321,4,3,1
32322,32328,7,4,3
32329,32341,13,12,1
32342,32343,2,1,1
32344,32347,4,3,1
32350,32351,2,1,1
32352,32353,2,1,1
32356,32358,3,2,1
32359,32360,2,1,1
32361,32363,3,2,1
32364,32366,3,2,1
32371,32373,3,1,2
32380,32381,2,1,1
32382,32384,3,2,1
32385,32386,2,1,1
32398,32400,3,1,2
32401,32402,2,1,1
32403,32404,2,1,1
32411,32412,2,1,1
32413,32414,2,1,1
32419,32430,12,11,1
32431,32434,4,2,2
32435,32442,8,7,1
32448,32454,7,6,1
32455,32464,10,9,1
32465,32471,7,6,1
32472,32476,5,4,1
32477,32480,4,3,1
32481,32485,5,4,1
32486,32487,2,1,1
32488,32492,5,4,1
32493,32498,6,4,2
32499,32502,4,3,1
32503,32504,2,1,1
32505,32506,2,1,1
32507,32508,2,1,1
32509,32519,11,10,1
32520,32521,2,1,1
32524,32528,5,1,4
32529,32531,3,1,2
32532,32535,4,3,1
32537,32538,2,1,1
32544,32546,3,2,1
32547,32549,3,2,1
32550,32554,5,4,1
32555,32556,2,1,1
32557,32558,2,1,1
32560,32561,2,1,1
32562,32565,4,3,1
32570,32574,5,3,2
32577,32578,2,1,1
32579,32581,3,2,1
32582,32585,4,2,2
32586,32589,4,3,1
32590,32594,5,4,1
32595,32596,2,1,1
32601,32604,4,1,3
32605,32608,4,2,2
32612,32614,3,1,2
32615,32618,4,3,1
32622,32623,2,1,1
32624,32628,5,3,2
32629,32630,2,1,1
32631,32633,3,1,2
32634,32636,3,1,2
32637,32638,2,1,1
32642,32645,4,2,2
32646,32656,11,8,3
32657,32658,2,1,1
32664,32669,6,2,4
32674,32675,2,1,1
32676,32682,7,4,3
32683,32686,4,2,2
32687,32689,3,2,1
32690,32695,6,4,2
32696,32702,7,5,2
32703,32705,3,2,1
32706,32707,2,1,1
32709,32710,2,1,1
32714,32719,6,4,2
32720,32721,2,1,1
32722,32723,2,1,1
32724,32727,4,1,3
32728,32730,3,2,1
32731,32732,2,1,1
32741,32742,2,1,1
32743,32744,2,1,1
32745,32746,2,1,1
32747,32751,5,3,2
32752,32761,10,9,1
32762,32763,2,1,1
32764,32769,6,4,2
32770,32773,4,3,1
32774,32775,2,1,1
32777,32782,6,5,1
32783,32786,4,3,1
32787,32788,2,1,1
32793,32797,5,4,1
32798,32802,5,4,1
32803,32807,5,3,2
32808,32809,2,1,1
32812,32818,7,5,2
32823,32824,2,1,1
32825,32827,3,1,2
32828,32834,7,6,1
32835,32837,3,2,1
32841,32844,4,2,2
32845,32847,3,1,2
32856,32858,3,2,1
32859,32860,2,1,1
32866,32867,2,1,1
32868,32870,3,2,1
32881,32882,2,1,1
32883,32885,3,2,1
32886,32887,2,1,1
32889,32891,3,2,1
32895,32898,4,3,1
32899,32902,4,2,2
32903,32907,5,3,2
32908,32910,3,2,1
32911,32918,8,3,5
32919,32925,7,5,2
32926,32928,3,1,2
32929,32943,15,14,1
32944,32946,3,2,1
32951,32953,3,1,2
32954,32959,6,5,1
32964,32966,3,2,1
32970,32974,5,3,2
32975,32977,3,1,2
32978,32981,4,3,1
32982,32989,8,4,4
32990,32991,2,1,1
32992,32993,2,1,1
32998,32999,2,1,1
33005,33009,5,4,1
33010,33015,6,3,3
33016,33023,8,7,1
33024,33027,4,3,1
33028,33032,5,4,1
33033,33035,3,2,1
33038,33044,7,1,6
33045,33046,2,1,1
33047,33049,3,2,1
33053,33056,4,3,1
33057,33059,3,2,1
33061,33062,2,1,1
33063,33065,3,1,2
33066,33071,6,2,4
33072,33074,3,1,2
33075,33077,3,1,2
33078,33085,8,5,3
33086,33102,17,16,1
33103,33109,7,6,1
33110,33115,6,4,2
33116,33117,2,1,1
33121,33122,2,1,1
33123,33125,3,2,1
33126,33128,3,1,2
33129,33132,4,3,1
33133,33136,4,3,1
33141,33144,4,3,1
33145,33146,2,1,1
33150,33153,4,3,1
33154,33158,5,2,3
33159,33166,8,2,6
33167,33170,4,1,3
33171,33172,2,1,1
33175,33176,2,1,1
33177,33178,2,1,1
33191,33192,2,1,1
33193,33196,4,3,1
33197,33199,3,2,1
33206,33213,8,7,1
33221,33224,4,3,1
33225,33227,3,2,1
33228,33233,6,4,2
33234,33235,2,1,1
33240,33241,2,1,1
33242,33248,7,5,2
33249,33251,3,2,1
33252,33253,2,1,1
33254,33256,3,2,1
33260,33265,6,4,2
33267,33268,2,1,1
33269,33270,2,1,1
33271,33273,3,2,1
33275,33280,6,4,2
33292,33294,3,2,1
33298,33304,7,6,1
33305,33309,5,4,1
33314,33327,14,13,1
33328,33331,4,3,1
33335,33341,7,6,1
33342,33343,2,1,1
33344,33345,2,1,1
33346,33348,3,1,2
33364,33365,2,1,1
33371,33372,2,1,1
33373,33377,5,4,1
33378,33380,3,2,1
33389,33391,3,2,1
33392,33396,5,4,1
33399,33402,4,1,3
33403,33405,3,2,1
33410,33411,2,1,1
33412,33415,4,3,1
33416,33420,5,3,2
33436,33437,2,1,1
33438,33440,3,1,2
33442,33445,4,3,1
33446,33447,2,1,1
33448,33451,4,2,2
33452,33458,7,6,1
33462,33463,2,1,1
33464,33467,4,2,2
33468,33471,4,3,1
33472,33474,3,2,1
33475,33480,6,5,1
33481,33482,2,1,1
33485,33488,4,1,3
33489,33496,8,6,2
33504,33507,4,3,1
33508,33509,2,1,1
33515,33518,4,3,1
33523,33524,2,1,1
33525,33528,4,3,1
33529,33530,2,1,1
33531,33535,5,3,2
33536,33539,4,3,1
33543,33544,2,1,1
33545,33548,4,3,1
33549,33554,6,5,1
33560,33565,6,2,4
33566,33567,2,1,1
33568,33569,2,1,1
33570,33577,8,7,1
33578,33580,3,2,1
33581,33585,5,3,2
33586,33588,3,2,1
33589,33592,4,3,1
33593,33595,3,2,1
33596,33597,2,1,1
33599,33605,7,5,2
33606,33607,2,1,1
33609,33613,5,4,1
33617,33618,2,1,1
33619,33623,5,2,3
33624,33625,2,1,1
33627,33628,2,1,1
33629,33630,2,1,1
33631,33632,2,1,1
33633,33639,7,5,2
33640,33641,2,1,1
33642,33643,2,1,1
33644,33647,4,3,1
33648,33649,2,1,1
33650,33664,15,13,2
33665,33667,3,2,1
33681,33683,3,2,1
33684,33687,4,2,2
33688,33691,4,2,2
33700,33703,4,2,2
33709,33712,4,3,1
33720,33721,2,1,1
33732,33733,2,1,1
33750,33753,4,2,2
33775,33777,3,1,2
33779,33782,4,1,3
33792,33794,3,2,1
33823,33826,4,1,3
33845,33848,4,3,1
33852,33854,3,2,1
33867,33869,3,2,1
33875,33877,3,1,2
33881,33884,4,1,3
33891,33892,2,1,1
33907,33908,2,1,1
33914,33915,2,1,1
33916,33921,6,1,5
33932,33934,3,1,2
33948,33949,2,1,1
33950,33952,3,2,1
33965,33966,2,1,1
33976,33977,2,1,1
33981,33983,3,1,2
33991,33996,6,2,4
34003,34006,4,1,3
34007,34009,3,1,2
34013,34014,2,1,1
34035,34037,3,1,2
34053,34057,5,2,3
34058,34063,6,1,5
34064,34066,3,2,1
34068,34070,3,2,1
34093,34095,3,1,2
34098,34101,4,3,1
34104,34108,5,4,1
34133,34135,3,1,2
34143,34144,2,1,1
34163,34165,3,2,1
34173,34174,2,1,1
34184,34185,2,1,1
34186,34187,2,1,1
34200,34201,2,1,1
34206,34207,2,1,1
34235,34239,5,2,3
34247,34249,3,1,2
34259,34261,3,2,1
34265,34266,2,1,1
34286,34289,4,1,3
34290,34292,3,2,1
34308,34309,2,1,1
34310,34311,2,1,1
34312,34313,2,1,1
34317,34319,3,2,1
34323,34324,2,1,1
34333,34335,3,1,2
34347,34349,3,1,2
34354,34357,4,1,3
34375,34378,4,3,1
34387,34388,2,1,1
34389,34390,2,1,1
34399,34400,2,1,1
34435,34438,4,1,3
34451,34452,2,1,1
34455,34459,5,2,3
34462,34464,3,1,2
34465,34466,2,1,1
34472,34473,2,1,1
34482,34484,3,2,1
34488,34491,4,1,3
34492,34493,2,1,1
34507,34509,3,1,2
34515,34517,3,2,1
34522,34523,2,1,1
34529,34530,2,1,1
34556,34557,2,1,1
34607,34608,2,1,1
34612,34613,2,1,1
34630,34632,3,1,2
34645,34647,3,2,1
34659,34660,2,1,1
34668,34669,2,1,1
34702,34704,3,1,2
34707,34709,3,1,2
34710,34712,3,1,2
34728,34729,2,1,1
34740,34742,3,1,2
34752,34754,3,1,2
34780,34782,3,1,2
34801,34803,3,2,1
34809,34811,3,1,2
34827,34830,4,2,2
34835,34836,2,1,1
34871,34872,2,1,1
34891,34892,2,1,1
34953,34954,2,1,1
34955,34956,2,1,1
34958,34959,2,1,1
35017,35018,2,1,1
35041,35043,3,1,2
35053,35055,3,2,1
35080,35081,2,1,1
35158,35159,2,1,1
35167,35169,3,1,2
35170,35172,3,1,2
35179,35181,3,1,2
35186,35187,2,1,1
35211,35213,3,1,2
35227,35230,4,1,3
35283,35284,2,1,1
35285,35287,3,1,2
35288,35289,2,1,1
35292,35294,3,2,1
35299,35301,3,1,2
35306,35308,3,1,2
35323,35325,3,1,2
35330,35332,3,1,2
35336,35338,3,2,1
35370,35371,2,1,1
35372,35373,2,1,1
35411,35412,2,1,1
35415,35416,2,1,1
35417,35418,2,1,1
35432,35433,2,1,1
35454,35456,3,1,2
35515,35521,7,1,6
35522,35524,3,1,2
35541,35542,2,1,1
35564,35565,2,1,1
35582,35584,3,2,1
35589,35591,3,2,1
35597,35598,2,1,1
35624,35625,2,1,1
35642,35643,2,1,1
35697,35698,2,1,1
35702,35704,3,1,2
35705,35706,2,1,1
35721,35723,3,2,1
35736,35737,2,1,1
35752,35755,4,1,3
35773,35775,3,1,2
35779,35780,2,1,1
35782,35785,4,1,3
35795,35796,2,1,1
35798,35801,4,2,2
35818,35822,5,2,3
35823,35825,3,2,1
35839,35840,2,1,1
35860,35861,2,1,1
35869,35871,3,1,2
35904,35905,2,1,1
35910,35911,2,1,1
35931,35936,6,1,5
35939,35940,2,1,1
35947,35948,2,1,1
35957,35958,2,1,1
35971,35973,3,2,1
35975,35977,3,2,1
35981,35983,3,2,1
36026,36027,2,1,1
36038,36041,4,1,3
36060,36061,2,1,1
36075,36076,2,1,1
36103,36104,2,1,1
36128,36129,2,1,1
36156,36158,3,1,2
36231,36233,3,2,1
36241,36243,3,2,1
36249,36250,2,1,1
36261,36262,2,1,1
36268,36269,2,1,1
36272,36274,3,1,2
36287,36288,2,1,1
36289,36290,2,1,1
36296,36297,2,1,1
36298,36300,3,1,2
36326,36327,2,1,1
36343,36345,3,2,1
36373,36374,2,1,1
36393,36394,2,1,1
36440,36441,2,1,1
36451,36452,2,1,1
36453,36454,2,1,1
36466,36467,2,1,1
36468,36469,2,1,1
36542,36544,3,2,1
36568,36569,2,1,1
36631,36633,3,1,2
36659,36661,3,2,1
36689,36691,3,1,2
36700,36701,2,1,1
36703,36705,3,2,1
36724,36725,2,1,1
36726,36727,2,1,1
36732,36733,2,1,1
36736,36739,4,2,2
36772,36773,2,1,1
36810,36812,3,2,1
36814,36815,2,1,1
36816,36817,2,1,1
36821,36822,2,1,1
36832,36834,3,2,1
36844,36845,2,1,1
36851,36852,2,1,1
36856,36857,2,1,1
36862,36863,2,1,1
36896,36898,3,1,2
36902,36904,3,1,2
36907,36908,2,1,1
36912,36913,2,1,1
36914,36917,4,2,2
36928,36929,2,1,1
36990,36993,4,1,3
36997,36998,2,1,1
37004,37005,2,1,1
37015,37016,2,1,1
37039,37042,4,1,3
37056,37058,3,1,2
37060,37062,3,1,2
37120,37121,2,1,1
37131,37133,3,2,1
37175,37177,3,1,2
37197,37199,3,2,1
37202,37205,4,1,3
37222,37224,3,2,1
37249,37250,2,1,1
37268,37269,2,1,1
37282,37283,2,1,1
37286,37289,4,1,3
37306,37307,2,1,1
37310,37312,3,1,2
37321,37323,3,1,2
37342,37344,3,1,2
37393,37394,2,1,1
37410,37411,2,1,1
37416,37417,2,1,1
37420,37421,2,1,1
37442,37443,2,1,1
37570,37572,3,1,2
37591,37594,4,1,3
37599,37601,3,2,1
37608,37611,4,1,3
37616,37617,2,1,1
37627,37629,3,2,1
37685,37686,2,1,1
37742,37743,2,1,1
37749,37752,4,2,2
37771,37774,4,1,3
37775,37776,2,1,1
37787,37789,3,1,2
37803,37804,2,1,1
37812,37814,3,1,2
37840,37841,2,1,1
37853,37855,3,2,1
37863,37865,3,1,2
37885,37886,2,1,1
37904,37905,2,1,1
37915,37916,2,1,1
37917,37920,4,1,3
37982,37985,4,2,2
38041,38043,3,2,1
38056,38058,3,2,1
38059,38061,3,2,1
38071,38073,3,2,1
38082,38083,2,1,1
38100,38102,3,1,2
38158,38159,2,1,1
38165,38166,2,1,1
38209,38210,2,1,1
38267,38270,4,1,3
38279,38280,2,1,1
38290,38291,2,1,1
38306,38307,2,1,1
38313,38314,2,1,1
38325,38326,2,1,1
38345,38346,2,1,1
38372,38374,3,2,1
38375,38376,2,1,1
38404,38406,3,1,2
38423,38424,2,1,1
38449,38450,2,1,1
38507,38508,2,1,1
38518,38521,4,2,2
38527,38531,5,2,3
38535,38536,2,1,1
38537,38538,2,1,1
38540,38541,2,1,1
38572,38573,2,1,1
38574,38575,2,1,1
38594,38595,2,1,1
38614,38615,2,1,1
38629,38630,2,1,1
38639,38641,3,1,2
38672,38675,4,1,3
38679,38681,3,1,2
38691,38692,2,1,1
38697,38698,2,1,1
38722,38723,2,1,1
38724,38725,2,1,1
38757,38759,3,1,2
38792,38793,2,1,1
38808,38809,2,1,1
38810,38813,4,1,3
38848,38849,2,1,1
38850,38851,2,1,1
38880,38882,3,1,2
38887,38889,3,1,2
38935,38938,4,1,3
38939,38941,3,2,1
38954,38955,2,1,1
38957,38961,5,2,3
38985,38987,3,2,1
39010,39014,5,2,3
39018,39019,2,1,1
39023,39024,2,1,1
39026,39027,2,1,1
39049,39052,4,1,3
39080,39081,2,1,1
39084,39085,2,1,1
39092,39093,2,1,1
39125,39126,2,1,1
39128,39129,2,1,1
39139,39140,2,1,1
39176,39177,2,1,1
39187,39189,3,1,2
39209,39214,6,3,3
39216,39218,3,2,1
39243,39244,2,1,1
39252,39258,7,3,4
39261,39263,3,1,2
39314,39316,3,1,2
39325,39327,3,1,2
39341,39342,2,1,1
39379,39382,4,1,3
39383,39384,2,1,1
39407,39408,2,1,1
39410,39413,4,2,2
39421,39425,5,2,3
39452,39453,2,1,1
39510,39511,2,1,1
39512,39514,3,1,2
39528,39529,2,1,1
39564,39567,4,1,3
39598,39599,2,1,1
39637,39638,2,1,1
39648,39649,2,1,1
39717,39719,3,1,2
39720,39721,2,1,1
39761,39762,2,1,1
39773,39775,3,2,1
39798,39799,2,1,1
39812,39813,2,1,1
39817,39819,3,1,2
39832,39835,4,2,2
39862,39863,2,1,1
39879,39880,2,1,1
39881,39882,2,1,1
39892,39894,3,2,1
39959,39961,3,1,2
39978,39986,9,2,7
40046,40047,2,1,1
40076,40077,2,1,1
40078,40079,2,1,1
40142,40143,2,1,1
40150,40153,4,1,3
40179,40180,2,1,1
40194,40196,3,2,1
40197,40198,2,1,1
40219,40221,3,1,2
40258,40259,2,1,1
40260,40261,2,1,1
40280,40282,3,2,1
40287,40289,3,1,2
40292,40293,2,1,1
40294,40296,3,1,2
40303,40304,2,1,1
40305,40306,2,1,1
40335,40336,2,1,1
40352,40355,4,1,3
40362,40364,3,2,1
40404,40405,2,1,1
40413,40414,2,1,1
40418,40419,2,1,1
40430,40432,3,2,1
40434,40436,3,1,2
40544,40545,2,1,1
40552,40554,3,2,1
40577,40578,2,1,1
40584,40588,5,1,4
40602,40604,3,2,1
40606,40607,2,1,1
40611,40612,2,1,1
40613,40616,4,1,3
40638,40639,2,1,1
40685,40686,2,1,1
40719,40722,4,2,2
40739,40741,3,1,2
40752,40753,2,1,1
40754,40758,5,3,2
40770,40772,3,1,2
40783,40784,2,1,1
40796,40802,7,1,6
40809,40812,4,2,2
40817,40818,2,1,1
40896,40897,2,1,1
40913,40914,2,1,1
40932,40934,3,2,1
40989,40990,2,1,1
41009,41010,2,1,1
41118,41119,2,1,1
41124,41126,3,1,2
41137,41138,2,1,1
41170,41171,2,1,1
41243,41245,3,2,1
41261,41262,2,1,1
41276,41277,2,1,1
41279,41280,2,1,1
41293,41294,2,1,1
41295,41299,5,2,3
41309,41311,3,1,2
41344,41347,4,1,3
41352,41353,2,1,1
41370,41373,4,1,3
41423,41425,3,2,1
41433,41436,4,1,3
41439,41441,3,1,2
41457,41458,2,1,1
41462,41464,3,1,2
41470,41472,3,1,2
41475,41476,2,1,1
41479,41481,3,1,2
41493,41494,2,1,1
41497,41500,4,2,2
41518,41519,2,1,1
41520,41521,2,1,1
41527,41528,2,1,1
41544,41547,4,2,2
41565,41566,2,1,1
41567,41568,2,1,1
41570,41574,5,2,3
41626,41627,2,1,1
41633,41635,3,2,1
41636,41639,4,3,1
41695,41696,2,1,1
41697,41698,2,1,1
41748,41749,2,1,1
41802,41803,2,1,1
41810,41811,2,1,1
41844,41845,2,1,1
41853,41856,4,3,1
41887,41889,3,1,2
41895,41896,2,1,1
41906,41907,2,1,1
41915,41916,2,1,1
41918,41919,2,1,1
41939,41942,4,1,3
41947,41948,2,1,1
41949,41950,2,1,1
41976,41978,3,1,2
41982,41983,2,1,1
41986,41988,3,1,2
42010,42011,2,1,1
42044,42046,3,2,1
42067,42068,2,1,1
42141,42142,2,1,1
42151,42154,4,3,1
42161,42162,2,1,1
42166,42170,5,4,1
42177,42178,2,1,1
42186,42188,3,2,1
42189,42190,2,1,1
42196,42197,2,1,1
42203,42204,2,1,1
42233,42234,2,1,1
42237,42241,5,1,4
42253,42256,4,1,3
42270,42272,3,1,2
42273,42274,2,1,1
42280,42283,4,1,3
42288,42289,2,1,1
42300,42302,3,1,2
42304,42306,3,1,2
42331,42333,3,2,1
42348,42350,3,2,1
42355,42356,2,1,1
42357,42363,7,1,6
42367,42368,2,1,1
42372,42373,2,1,1
42382,42383,2,1,1
42394,42395,2,1,1
42397,42399,3,1,2
42405,42408,4,1,3
42412,42416,5,1,4
42417,42418,2,1,1
42422,42424,3,1,2
42455,42456,2,1,1
42457,42459,3,2,1
42466,42467,2,1,1
42498,42503,6,2,4
42506,42509,4,3,1
42524,42526,3,1,2
42545,42546,2,1,1
42556,42558,3,1,2
42569,42571,3,1,2
42583,42587,5,1,4
42607,42608,2,1,1
42609,42612,4,1,3
42613,42614,2,1,1
42620,42621,2,1,1
42639,42641,3,1,2
42657,42660,4,1,3
42705,42706,2,1,1
42741,42742,2,1,1
42757,42760,4,1,3
42773,42775,3,1,2
42807,42808,2,1,1
42811,42813,3,1,2
42823,42826,4,1,3
42831,42834,4,2,2
42843,42845,3,1,2
42858,42861,4,3,1
42867,42869,3,1,2
42895,42896,2,1,1
42914,42918,5,1,4
42923,42924,2,1,1
42932,42935,4,1,3
42944,42947,4,3,1
42973,42974,2,1,1
42977,42979,3,2,1
42988,42991,4,1,3
43001,43004,4,1,3
43023,43026,4,1,3
43028,43030,3,2,1
43042,43044,3,1,2
43054,43056,3,1,2
43100,43102,3,1,2
43117,43118,2,1,1
43139,43140,2,1,1
43183,43184,2,1,1
43206,43207,2,1,1
43225,43227,3,1,2
43302,43308,7,1,6
43328,43329,2,1,1
43406,43407,2,1,1
43425,43427,3,1,2
43434,43436,3,2,1
43453,43454,2,1,1
43468,43470,3,1,2
43517,43519,3,1,2
43594,43595,2,1,1
43612,43614,3,2,1
43620,43621,2,1,1
43651,43653,3,1,2
43664,43665,2,1,1
43671,43673,3,2,1
43712,43713,2,1,1
43714,43718,5,2,3
43746,43747,2,1,1
43775,43776,2,1,1
43786,43787,2,1,1
43801,43802,2,1,1
43819,43820,2,1,1
43844,43846,3,1,2
43851,43855,5,2,3
43859,43860,2,1,1
43869,43871,3,2,1
43874,43875,2,1,1
43904,43905,2,1,1
43911,43913,3,1,2
43917,43920,4,1,3
43932,43933,2,1,1
43939,43942,4,1,3
43943,43945,3,1,2
43954,43955,2,1,1
43961,43963,3,1,2
43970,43972,3,1,2
43986,43988,3,1,2
44047,44049,3,2,1
44069,44071,3,1,2
44079,44081,3,1,2
44094,44096,3,2,1
44103,44104,2,1,1
44165,44167,3,2,1
44205,44206,2,1,1
44217,44218,2,1,1
44262,44263,2,1,1
44267,44268,2,1,1
44275,44277,3,1,2
44304,44305,2,1,1
44384,44386,3,1,2
44399,44401,3,2,1
44423,44426,4,1,3
44427,44429,3,2,1
44437,44438,2,1,1
44448,44449,2,1,1
44466,44467,2,1,1
44478,44480,3,1,2
44520,44522,3,1,2
44549,44550,2,1,1
44592,44593,2,1,1
44600,44601,2,1,1
44603,44604,2,1,1
44615,44618,4,3,1
44652,44653,2,1,1
44672,44676,5,1,4
44683,44684,2,1,1
44705,44707,3,2,1
44735,44737,3,2,1
44775,44779,5,3,2
44783,44784,2,1,1
44787,44788,2,1,1
44791,44793,3,1,2
44798,44799,2,1,1
44811,44812,2,1,1
44815,44816,2,1,1
44819,44820,2,1,1
44845,44846,2,1,1
44860,44862,3,1,2
44893,44896,4,1,3
44903,44908,6,1,5
44910,44912,3,1,2
44941,44943,3,1,2
44947,44950,4,1,3
44951,44952,2,1,1
44967,44971,5,2,3
45027,45030,4,2,2
45046,45048,3,1,2
45058,45060,3,1,2
45071,45072,2,1,1
45079,45080,2,1,1
45094,45096,3,2,1
45123,45124,2,1,1
45144,45145,2,1,1
45159,45161,3,1,2
45163,45164,2,1,1
45186,45187,2,1,1
45191,45193,3,1,2
45194,45196,3,1,2
45222,45224,3,1,2
45238,45239,2,1,1
45241,45243,3,1,2
45275,45277,3,1,2
45299,45300,2,1,1
45334,45335,2,1,1
45346,45347,2,1,1
45385,45386,2,1,1
45389,45390,2,1,1
45395,45397,3,1,2
45402,45404,3,1,2
45412,45413,2,1,1
45457,45458,2,1,1
45461,45464,4,1,3
45491,45492,2,1,1
45502,45503,2,1,1
45536,45537,2,1,1
45552,45554,3,1,2
45568,45570,3,1,2
45604,45608,5,1,4
45617,45618,2,1,1
45624,45625,2,1,1
45627,45628,2,1,1
45712,45713,2,1,1
45727,45729,3,1,2
45745,45746,2,1,1
45788,45791,4,1,3
45810,45811,2,1,1
45838,45839,2,1,1
45850,45851,2,1,1
45880,45881,2,1,1
45901,45902,2,1,1
45968,45970,3,2,1
45980,45982,3,1,2
46012,46013,2,1,1
46049,46050,2,1,1
46070,46071,2,1,1
46098,46099,2,1,1
46103,46104,2,1,1
46118,46119,2,1,1
46128,46131,4,1,3
46147,46151,5,1,4
46157,46159,3,2,1
46178,46179,2,1,1
46180,46182,3,2,1
46185,46186,2,1,1
46224,46226,3,2,1
46246,46247,2,1,1
46285,46286,2,1,1
46317,46321,5,2,3
46403,46404,2,1,1
46410,46411,2,1,1
46432,46435,4,1,3
46457,46460,4,1,3
46508,46509,2,1,1
46529,46530,2,1,1
46537,46541,5,2,3
46543,46545,3,2,1
46593,46600,8,3,5
46616,46617,2,1,1
46672,46673,2,1,1
46682,46684,3,2,1
46691,46694,4,1,3
46698,46699,2,1,1
46739,46740,2,1,1
46756,46759,4,3,1
46774,46776,3,2,1
46779,46781,3,2,1
46809,46810,2,1,1
46835,46836,2,1,1
46882,46884,3,2,1
46904,46907,4,3,1
46910,46911,2,1,1
46912,46915,4,3,1
46921,46925,5,1,4
47018,47019,2,1,1
47031,47038,8,3,5
47091,47092,2,1,1
47105,47106,2,1,1
47117,47118,2,1,1
47135,47136,2,1,1
47137,47139,3,1,2
47165,47166,2,1,1
47167,47170,4,1,3
47171,47172,2,1,1
47182,47184,3,1,2
47189,47190,2,1,1
47197,47198,2,1,1
47207,47210,4,2,2
47219,47221,3,2,1
47225,47226,2,1,1
47261,47262,2,1,1
47273,47275,3,2,1
47304,47305,2,1,1
47331,47334,4,2,2
47343,47345,3,1,2
47364,47365,2,1,1
47366,47367,2,1,1
47369,47370,2,1,1
47461,47463,3,1,2
47506,47508,3,1,2
47509,47510,2,1,1
47524,47525,2,1,1
47547,47548,2,1,1
47549,47550,2,1,1
47554,47555,2,1,1
47556,47558,3,2,1
47561,47564,4,1,3
47566,47568,3,2,1
47586,47589,4,1,3
47590,47591,2,1,1
47629,47631,3,2,1
47638,47639,2,1,1
47683,47686,4,1,3
47818,47819,2,1,1
47855,47857,3,2,1
47868,47871,4,3,1
47876,47878,3,1,2
47879,47880,2,1,1
47883,47885,3,1,2
47895,47898,4,2,2
47910,47912,3,1,2
47915,47916,2,1,1
47917,47919,3,2,1
47921,47923,3,1,2
47924,47925,2,1,1
47936,47938,3,1,2
47945,47946,2,1,1
47947,47950,4,2,2
47953,47954,2,1,1
47958,47960,3,1,2
47961,47963,3,2,1
47981,47985,5,2,3
48020,48021,2,1,1
48063,48064,2,1,1
48110,48111,2,1,1
48207,48208,2,1,1
48312,48314,3,2,1
48443,48448,6,5,1
48453,48455,3,1,2
48626,48629,4,1,3
48863,48864,2,1,1
48925,48926,2,1,1
48936,48937,2,1,1
48941,48942,2,1,1
48946,48947,2,1,1
48955,48956,2,1,1
48969,48970,2,1,1
48990,48992,3,2,1
49007,49009,3,1,2
49040,49041,2,1,1
49055,49056,2,1,1
49060,49061,2,1,1
49088,49089,2,1,1
49187,49190,4,3,1
49191,49193,3,2,1
49203,49204,2,1,1
49223,49224,2,1,1
49252,49253,2,1,1
49260,49261,2,1,1
49323,49326,4,2,2
49350,49351,2,1,1
49367,49369,3,1,2
49372,49375,4,2,2
49386,49387,2,1,1
49399,49400,2,1,1
49424,49425,2,1,1
49437,49439,3,2,1
49445,49446,2,1,1
49518,49520,3,1,2
49525,49526,2,1,1
49562,49566,5,1,4
49582,49583,2,1,1
49649,49650,2,1,1
49691,49692,2,1,1
49696,49698,3,1,2
49709,49710,2,1,1
49711,49714,4,1,3
49716,49719,4,1,3
49734,49736,3,2,1
49772,49773,2,1,1
49816,49819,4,1,3
49824,49827,4,1,3
49836,49839,4,1,3
49852,49854,3,1,2
49868,49869,2,1,1
49891,49892,2,1,1
49901,49902,2,1,1
49903,49905,3,1,2
49910,49911,2,1,1
49953,49954,2,1,1
49959,49962,4,1,3
49963,49964,2,1,1
49978,49979,2,1,1
