system,dataset_size,pattern_name,pattern,success,correctness_matches_pandas,execution_time_seconds,execution_time_std_seconds,execution_time_min_seconds,execution_time_max_seconds,measured_runs,throughput_rows_per_second,query_memory_mb,query_memory_metric,footprint_memory_mb,footprint_memory_metric,result_rows,error,throughput_std_rows_per_second,baseline_memory_mb,abs_peak_memory_std_mb,inc_peak_memory_std_mb,mem_per_million_rows_mb,native_query_memory_mb,outliers_excluded_time,outliers_excluded_throughput,outliers_excluded_abs_peak,outliers_excluded_inc_peak
proposed_pandas_engine,100000,simple_sequence,A+ B+,True,baseline,0.020346770059190663,0.00033906032702422803,0.019800783000391675,0.02347498800008907,20,4916058.309228919,12.016300005260943,"cgroup v2 memory.current incremental peak MB over 5s pre-query baseline (50ms sampling, IQR-filtered mean)",88.7921875,"cgroup v2 memory.current absolute peak MB during query (50ms sampling, IQR-filtered mean)",9067,,81202.15392028638,76.72614786537248,1.8430858875867346,0.02642531952318491,120.16300005260942,,3,3,0,5
proposed_pandas_engine,100000,alternation,A (B|C)+ D,True,baseline,0.028614540899616257,0.0007033008766946791,0.027603257000009762,0.02998051999747986,20,3496718.4555618153,11.594037050189392,"cgroup v2 memory.current incremental peak MB over 5s pre-query baseline (50ms sampling, IQR-filtered mean)",87.1578125,"cgroup v2 memory.current absolute peak MB during query (50ms sampling, IQR-filtered mean)",1828,,85327.46581481263,75.64729734848484,0.48233034869837227,0.22712720608557227,115.94037050189392,,0,0,0,2
proposed_pandas_engine,100000,quantified,"A{1,5} B* C+",True,baseline,0.022426887750043534,0.0006660636707288813,0.021756431000540033,0.023863206002715742,20,4462569.49241696,10.434538672861429,"cgroup v2 memory.current incremental peak MB over 5s pre-query baseline (50ms sampling, IQR-filtered mean)",87.96895559210526,"cgroup v2 memory.current absolute peak MB during query (50ms sampling, IQR-filtered mean)",5643,,128913.83932181199,77.14268767755682,1.1545790126883226,0.4791012999776947,104.34538672861429,,0,0,1,4
proposed_pandas_engine,100000,optional_pattern,A+ B? C*,True,baseline,0.02413314957888552,0.0006868612540822975,0.023194278997834772,0.026274546999047743,20,4146791.282430166,11.712776337594699,"cgroup v2 memory.current incremental peak MB over 5s pre-query baseline (50ms sampling, IQR-filtered mean)",89.565625,"cgroup v2 memory.current absolute peak MB during query (50ms sampling, IQR-filtered mean)",15247,,115500.45476237546,77.85284866240531,2.3484255036768573,1.6436583211605749,117.12776337594698,,1,1,0,0
proposed_pandas_engine,100000,complex_nested,"(A|B)+ (C{1,3} D*)+",True,baseline,0.04494456947385946,0.0010991829230204504,0.04340887299986207,0.048874718999286415,20,2226196.8565837084,12.4616058041351,"cgroup v2 memory.current incremental peak MB over 5s pre-query baseline (50ms sampling, IQR-filtered mean)",90.4630859375,"cgroup v2 memory.current absolute peak MB during query (50ms sampling, IQR-filtered mean)",9420,,53279.38635123901,78.35246212121213,0.8935368300182106,0.27358654844818264,124.616058041351,,1,1,0,4
proposed_pandas_engine,200000,simple_sequence,A+ B+,True,baseline,0.038319837100061704,0.0011462342584827778,0.037008293002145365,0.0405937140021706,20,5223574.783260201,25.709621710526314,"cgroup v2 memory.current incremental peak MB over 5s pre-query baseline (50ms sampling, IQR-filtered mean)",112.984375,"cgroup v2 memory.current absolute peak MB during query (50ms sampling, IQR-filtered mean)",16093,,152978.68602631395,87.19868134469696,3.6006256184535457,0.49285871185824887,128.54810855263156,,0,0,0,1
proposed_pandas_engine,200000,alternation,A (B|C)+ D,True,baseline,0.052350048199878076,0.0009684141712694179,0.05103828000210342,0.054363217001082376,20,3821667.198204425,23.21314906881313,"cgroup v2 memory.current incremental peak MB over 5s pre-query baseline (50ms sampling, IQR-filtered mean)",106.8142578125,"cgroup v2 memory.current absolute peak MB during query (50ms sampling, IQR-filtered mean)",3692,,70077.41186721693,83.60110874368686,0.49123935375782657,0.6436412034260182,116.06574534406565,,0,0,0,0
proposed_pandas_engine,200000,quantified,"A{1,5} B* C+",True,baseline,0.04104310849961621,0.0008716384274322701,0.03952316299910308,0.04298592700070003,20,4874991.5149682,27.69817617582071,"cgroup v2 memory.current incremental peak MB over 5s pre-query baseline (50ms sampling, IQR-filtered mean)",113.41015625,"cgroup v2 memory.current absolute peak MB during query (50ms sampling, IQR-filtered mean)",10064,,102455.95688686839,85.7119800741793,2.5242549622029893,0.4128789678170318,138.49088087910354,,0,0,0,0
proposed_pandas_engine,200000,optional_pattern,A+ B? C*,True,baseline,0.043521802000395834,0.0011732944772937992,0.041982949998782715,0.0456666550016962,20,4598550.076296956,26.986606143904325,"cgroup v2 memory.current incremental peak MB over 5s pre-query baseline (50ms sampling, IQR-filtered mean)",113.8935546875,"cgroup v2 memory.current absolute peak MB during query (50ms sampling, IQR-filtered mean)",27172,,123111.56478048135,87.4548555279356,2.4558759936661976,0.43445421264020423,134.9330307195216,,0,0,0,2
proposed_pandas_engine,200000,complex_nested,"(A|B)+ (C{1,3} D*)+",True,baseline,0.08572079585028405,0.0015811887012454231,0.08359321700118016,0.08984372399936547,20,2333901.7872173847,25.020497711489902,"cgroup v2 memory.current incremental peak MB over 5s pre-query baseline (50ms sampling, IQR-filtered mean)",115.37734375,"cgroup v2 memory.current absolute peak MB during query (50ms sampling, IQR-filtered mean)",17759,,42564.622954070306,90.3568460385101,2.6356936055387696,0.8478805155663326,125.1024885574495,,0,0,0,0
proposed_pandas_engine,400000,simple_sequence,A+ B+,True,baseline,0.072289842647853,0.001019261426307061,0.07092921100047533,0.08113617100025294,20,5534308.638208335,51.02594074424804,"cgroup v2 memory.current incremental peak MB over 5s pre-query baseline (50ms sampling, IQR-filtered mean)",164.8513671875,"cgroup v2 memory.current absolute peak MB during query (50ms sampling, IQR-filtered mean)",34391,,77459.78170617901,114.23893434343434,9.923979463265868,1.4261708741937205,127.5648518606201,,3,3,0,2
proposed_pandas_engine,400000,alternation,A (B|C)+ D,True,baseline,0.09793105310496972,0.002001901205103703,0.09415682799954084,0.10571173800053657,20,4086115.637079144,45.661186517957354,"cgroup v2 memory.current incremental peak MB over 5s pre-query baseline (50ms sampling, IQR-filtered mean)",150.00596217105263,"cgroup v2 memory.current absolute peak MB during query (50ms sampling, IQR-filtered mean)",5803,,83127.48529660344,104.42443970959596,0.6611678234732289,0.5370323421065221,114.15296629489337,,1,1,1,2
proposed_pandas_engine,400000,quantified,"A{1,5} B* C+",True,baseline,0.0749212514003375,0.0014935799231191784,0.07308222700157785,0.07843562899870449,20,5340938.372161495,54.59822644620548,"cgroup v2 memory.current incremental peak MB over 5s pre-query baseline (50ms sampling, IQR-filtered mean)",167.7689453125,"cgroup v2 memory.current absolute peak MB during query (50ms sampling, IQR-filtered mean)",19012,,105589.43678711882,113.45421880918562,5.991489903741815,1.7323854499462763,136.4955661155137,,0,0,0,1
proposed_pandas_engine,400000,optional_pattern,A+ B? C*,True,baseline,0.08146465274949151,0.0018371819659415295,0.07865220199892065,0.08451932699972531,20,4912460.945766988,54.06851554608586,"cgroup v2 memory.current incremental peak MB over 5s pre-query baseline (50ms sampling, IQR-filtered mean)",170.0595703125,"cgroup v2 memory.current absolute peak MB during query (50ms sampling, IQR-filtered mean)",52950,,109983.72174710923,115.99105476641414,6.78660712004744,1.7011580165902338,135.17128886521465,,0,0,0,0
proposed_pandas_engine,400000,complex_nested,"(A|B)+ (C{1,3} D*)+",True,baseline,0.16539764510525856,0.0025982379470933176,0.1608853200013982,0.17831027500142227,20,2418978.147092276,48.867464488636365,"cgroup v2 memory.current incremental peak MB over 5s pre-query baseline (50ms sampling, IQR-filtered mean)",170.187890625,"cgroup v2 memory.current absolute peak MB during query (50ms sampling, IQR-filtered mean)",32360,,37904.082186754866,121.32042613636364,6.765021954386293,2.4884577923770066,122.16866122159091,,1,1,0,0
proposed_pandas_engine,800000,simple_sequence,A+ B+,True,baseline,0.14759735374991578,0.00393337214476948,0.14050751399918227,0.1541084479977144,20,5423829.861677806,97.07992657039141,"cgroup v2 memory.current incremental peak MB over 5s pre-query baseline (50ms sampling, IQR-filtered mean)",257.723828125,"cgroup v2 memory.current absolute peak MB during query (50ms sampling, IQR-filtered mean)",66330,,145348.68765627508,160.6439015546086,20.142261699459187,3.4179910849860904,121.34990821298925,,0,0,0,0
proposed_pandas_engine,800000,alternation,A (B|C)+ D,True,baseline,0.1946171080556572,0.0021633106766440063,0.18873451599938562,0.20183131500016316,20,4111114.115591776,85.09192612156724,"cgroup v2 memory.current incremental peak MB over 5s pre-query baseline (50ms sampling, IQR-filtered mean)",224.8142578125,"cgroup v2 memory.current absolute peak MB during query (50ms sampling, IQR-filtered mean)",9782,,45590.690772842536,140.05739389993687,1.935200013565419,0.5126288763586145,106.36490765195904,,2,2,0,4
proposed_pandas_engine,800000,quantified,"A{1,5} B* C+",True,baseline,0.1536275968499467,0.003942664725299732,0.14711876300134463,0.15975182699912693,20,5210651.9792605555,100.38813525883839,"cgroup v2 memory.current incremental peak MB over 5s pre-query baseline (50ms sampling, IQR-filtered mean)",251.2433363970588,"cgroup v2 memory.current absolute peak MB during query (50ms sampling, IQR-filtered mean)",32804,,133518.30911484302,149.85815380366162,5.627808063181605,5.601206849778004,125.48516907354798,,0,0,3,0
proposed_pandas_engine,800000,optional_pattern,A+ B? C*,True,baseline,0.1778512734111727,0.0022952097166378106,0.17019489300218993,0.1871691189990088,20,4498844.351294627,102.15014247948233,"cgroup v2 memory.current incremental peak MB over 5s pre-query baseline (50ms sampling, IQR-filtered mean)",255.74765625,"cgroup v2 memory.current absolute peak MB during query (50ms sampling, IQR-filtered mean)",99214,,57965.3316837563,153.59751377051768,8.876785937915942,2.0887062958370075,127.68767809935291,,3,3,0,0
proposed_pandas_engine,800000,complex_nested,"(A|B)+ (C{1,3} D*)+",True,baseline,0.3590205836320054,0.004906922679727176,0.35132052100016153,0.3875009260009392,20,2228676.3145233574,96.9362496646149,"cgroup v2 memory.current incremental peak MB over 5s pre-query baseline (50ms sampling, IQR-filtered mean)",261.7671875,"cgroup v2 memory.current absolute peak MB during query (50ms sampling, IQR-filtered mean)",58616,,30264.45260041227,164.8309378353851,9.484197975755158,2.379392236850014,121.17031208076862,,1,1,0,0
proposed_pandas_engine,1600000,simple_sequence,A+ B+,True,baseline,0.3157948663496427,0.011309770600540902,0.303054770000017,0.3406977039994672,20,5072595.718159231,205.6602410629735,"cgroup v2 memory.current incremental peak MB over 5s pre-query baseline (50ms sampling, IQR-filtered mean)",452.7259765625,"cgroup v2 memory.current absolute peak MB during query (50ms sampling, IQR-filtered mean)",130338,,176900.8138649779,247.0657354995265,42.33863788790097,7.3075343950554235,128.53765066435844,,0,0,0,0
proposed_pandas_engine,1600000,alternation,A (B|C)+ D,True,baseline,0.4021762969001429,0.007092115236816578,0.39240984299976844,0.415807991001202,20,3979519.7661884194,179.2733171362058,"cgroup v2 memory.current incremental peak MB over 5s pre-query baseline (50ms sampling, IQR-filtered mean)",390.1533203125,"cgroup v2 memory.current absolute peak MB during query (50ms sampling, IQR-filtered mean)",20276,,69545.96298311726,210.88000317629422,8.71475706867514,2.810595034744479,112.04582321012862,,0,0,0,0
proposed_pandas_engine,1600000,quantified,"A{1,5} B* C+",True,baseline,0.31674849279970657,0.00709525899952982,0.302016662000824,0.3282558099999733,20,5053734.412607749,218.29480027759212,"cgroup v2 memory.current incremental peak MB over 5s pre-query baseline (50ms sampling, IQR-filtered mean)",457.3583984375,"cgroup v2 memory.current absolute peak MB during query (50ms sampling, IQR-filtered mean)",67358,,113202.3371179999,237.82267950994319,24.021575895825436,2.6229885843370075,136.43425017349506,,0,0,0,3
proposed_pandas_engine,1600000,optional_pattern,A+ B? C*,True,baseline,0.36069248450003216,0.007908326742785044,0.3500296639977023,0.37775524700191454,20,4437919.985084715,215.6712624487058,"cgroup v2 memory.current incremental peak MB over 5s pre-query baseline (50ms sampling, IQR-filtered mean)",463.6955078125,"cgroup v2 memory.current absolute peak MB during query (50ms sampling, IQR-filtered mean)",197253,,96439.42111660259,248.02424536379422,23.31174553486914,4.836929220822656,134.79453903044111,,0,0,0,0
proposed_pandas_engine,1600000,complex_nested,"(A|B)+ (C{1,3} D*)+",True,baseline,0.7340538972495778,0.008898540009970092,0.7194691979966592,0.7490430850011762,20,2179980.9173824466,208.77931455176767,"cgroup v2 memory.current incremental peak MB over 5s pre-query baseline (50ms sampling, IQR-filtered mean)",480.5466796875,"cgroup v2 memory.current absolute peak MB during query (50ms sampling, IQR-filtered mean)",119299,,26438.770274353865,271.76736513573235,25.93338425439078,4.758048096022072,130.4870715948548,,0,0,0,0
proposed_pandas_engine,2222742,simple_sequence,A+ B+,True,baseline,0.46228823925011964,0.008238360939342427,0.45119279400023515,0.4813090950010519,20,4809571.351280675,290.1497279783125,"cgroup v2 memory.current incremental peak MB over 5s pre-query baseline (50ms sampling, IQR-filtered mean)",616.5927734375,"cgroup v2 memory.current absolute peak MB during query (50ms sampling, IQR-filtered mean)",181147,,85147.44598216475,326.3625670770202,42.44037504830799,0.12020050082571958,130.53684502218994,,0,0,0,3
proposed_pandas_engine,2222742,alternation,A (B|C)+ D,True,baseline,0.5895218227776948,0.008050695409632696,0.574109811001108,0.6132915730013337,20,3771075.132272919,256.90988703440655,"cgroup v2 memory.current incremental peak MB over 5s pre-query baseline (50ms sampling, IQR-filtered mean)",545.8298828125,"cgroup v2 memory.current absolute peak MB during query (50ms sampling, IQR-filtered mean)",28776,,51181.31835239333,288.91999577809344,7.742350403059902,3.447294948675299,115.58241443874572,,2,2,0,0
proposed_pandas_engine,2222742,quantified,"A{1,5} B* C+",True,baseline,0.48687712964983804,0.006143449022170627,0.47652095399826067,0.5015922029997455,20,4565988.850960277,313.3212722143308,"cgroup v2 memory.current incremental peak MB over 5s pre-query baseline (50ms sampling, IQR-filtered mean)",635.6712890625,"cgroup v2 memory.current absolute peak MB during query (50ms sampling, IQR-filtered mean)",95650,,57157.45284357378,322.3500168481692,29.904472372342614,7.355239344680521,140.9616015778398,,0,0,0,0
proposed_pandas_engine,2222742,optional_pattern,A+ B? C*,True,baseline,0.5415484964005373,0.010385436799599955,0.5255622059994494,0.5585597200006305,20,4105852.782461425,306.8148716264205,"cgroup v2 memory.current incremental peak MB over 5s pre-query baseline (50ms sampling, IQR-filtered mean)",638.15859375,"cgroup v2 memory.current absolute peak MB during query (50ms sampling, IQR-filtered mean)",276776,,78705.71479661272,331.34372212357954,34.98069383073212,8.113720780937285,138.03440598432948,,0,0,0,0
proposed_pandas_engine,2222742,complex_nested,"(A|B)+ (C{1,3} D*)+",True,baseline,1.0564510615999096,0.018160979510701652,1.0294907679999596,1.0887103320019378,20,2104558.838874764,278.90224035170786,"cgroup v2 memory.current incremental peak MB over 5s pre-query baseline (50ms sampling, IQR-filtered mean)",635.0224609375,"cgroup v2 memory.current absolute peak MB during query (50ms sampling, IQR-filtered mean)",167641,,36022.452472862125,354.3779966658775,36.40484627464054,8.90144178407369,125.4766591676892,,0,0,0,1
